timestamp,host,process,message,severity
2025-08-12T04:39:59.949423+00:00,sai-VirtualBox,kernel,"RETBleed: WARNING: Spectre v2 mitigation leaves CPU vulnerable to RETBleed attacks, data leaks possible!",WARNING
2025-08-12T04:39:59.949828+00:00,sai-VirtualBox,kernel,vmwgfx 0000:00:02.0: [drm] *ERROR* vmwgfx seems to be running on an unsupported hypervisor.,ERROR
2025-08-12T04:39:59.949828+00:00,sai-VirtualBox,kernel,vmwgfx 0000:00:02.0: [drm] *ERROR* This configuration is likely broken.,ERROR
2025-08-12T04:39:59.949829+00:00,sai-VirtualBox,kernel,vmwgfx 0000:00:02.0: [drm] *ERROR* Please switch to a supported graphics device to avoid problems.,ERROR
2025-08-12T04:40:15.398723+00:00,sai-VirtualBox,gnome-session[1649],gnome-session-binary[1649]: WARNING: Could not check if unit gnome-session-wayland@gnome-login.target is active: Error calling StartServiceByName for org.freedesktop.systemd1: Process org.freedesktop.systemd1 exited with status 1,WARNING
2025-08-12T04:40:15.398821+00:00,sai-VirtualBox,gnome-session-binary[1649],WARNING: Could not check if unit gnome-session-wayland@gnome-login.target is active: Error calling StartServiceByName for org.freedesktop.systemd1: Process org.freedesktop.systemd1 exited with status 1,WARNING
2025-08-12T04:40:36.608165+00:00,sai-VirtualBox,gnome-session[2611],gnome-session-binary[2611]: GnomeDesktop-WARNING: Could not create transient scope for PID 2843: GDBus.Error:org.freedesktop.DBus.Error.UnixProcessIdUnknown: Failed to set unit properties: No such process,WARNING
2025-08-12T04:40:36.613062+00:00,sai-VirtualBox,gnome-session-binary[2611],GnomeDesktop-WARNING: Could not create transient scope for PID 2843: GDBus.Error:org.freedesktop.DBus.Error.UnixProcessIdUnknown: Failed to set unit properties: No such process,WARNING
2025-08-12T04:40:36.634588+00:00,sai-VirtualBox,gnome-session[2611],gnome-session-binary[2611]: GnomeDesktop-WARNING: Could not create transient scope for PID 2856: GDBus.Error:org.freedesktop.DBus.Error.UnixProcessIdUnknown: Failed to set unit properties: No such process,WARNING
2025-08-12T04:40:36.634741+00:00,sai-VirtualBox,gnome-session-binary[2611],GnomeDesktop-WARNING: Could not create transient scope for PID 2856: GDBus.Error:org.freedesktop.DBus.Error.UnixProcessIdUnknown: Failed to set unit properties: No such process,WARNING
2025-08-12T04:40:40.746811+00:00,sai-VirtualBox,gnome-shell[1719],JS ERROR: Gio.IOErrorEnum: Xwayland exited unexpectedly#012@resource:///org/gnome/shell/ui/init.js:21:20,ERROR
2025-08-12T04:40:52.594753+00:00,sai-VirtualBox,gnome-shell[2643],DING: (gjs:3555): Gjs-WARNING **: 10:10:52.535: GLib.unix_signal_add has been moved to a separate platform-specific library. Please update your code to use GLibUnix.signal_add instead.,WARNING
2025-08-12T04:41:04.568758+00:00,sai-VirtualBox,tracker-miner-fs-3[3624],"(tracker-extract-3:3624): GLib-GIO-WARNING **: 10:11:04.568: Error creating IO channel for /proc/self/mountinfo: Invalid argument (g-io-error-quark, 13)",WARNING
2025-08-12T04:41:57.483121+00:00,sai-VirtualBox,update-notifier.desktop[3666],"WARNING:root:timeout reached, exiting",WARNING
2025-08-12T04:43:45.494820+00:00,sai-VirtualBox,python3[3778],"[""2025-08-12T10:13:45.494"", ""WARNING"", ""ubuntupro.system"", ""_get_kernel_build_date"", 150, ""Unable to parse build date from uname version"", {}]",WARNING
2025-08-12T04:43:45.498623+00:00,sai-VirtualBox,python3[3778],"[""2025-08-12T10:13:45.498"", ""WARNING"", ""ubuntupro.system"", ""_get_kernel_changelog_timestamp"", 123, ""Falling back to using timestamp of kernel changelog"", {}]",WARNING
2025-08-12T04:51:49.131124+00:00,sai-VirtualBox,tracker-miner-fs-3[4884],"(tracker-extract-3:4884): GLib-GIO-WARNING **: 10:21:49.130: Error creating IO channel for /proc/self/mountinfo: Invalid argument (g-io-error-quark, 13)",WARNING
2025-08-12T06:15:45.271389+00:00,sai-VirtualBox,gnome-shell[2643],DING: (gjs:7278): Gjs-WARNING **: 11:45:45.268: GLib.unix_signal_add has been moved to a separate platform-specific library. Please update your code to use GLibUnix.signal_add instead.,WARNING
2025-08-12T17:02:05.916579+05:30,sai-VirtualBox,kernel,"RETBleed: WARNING: Spectre v2 mitigation leaves CPU vulnerable to RETBleed attacks, data leaks possible!",WARNING
2025-08-12T17:02:05.949442+05:30,sai-VirtualBox,kernel,vmwgfx 0000:00:02.0: [drm] *ERROR* vmwgfx seems to be running on an unsupported hypervisor.,ERROR
2025-08-12T17:02:05.949443+05:30,sai-VirtualBox,kernel,vmwgfx 0000:00:02.0: [drm] *ERROR* This configuration is likely broken.,ERROR
2025-08-12T17:02:05.949444+05:30,sai-VirtualBox,kernel,vmwgfx 0000:00:02.0: [drm] *ERROR* Please switch to a supported graphics device to avoid problems.,ERROR
2025-08-12T17:02:16.760251+05:30,sai-VirtualBox,gnome-session[1271],gnome-session-binary[1271]: WARNING: Could not check if unit gnome-session-wayland@gnome-login.target is active: Error calling StartServiceByName for org.freedesktop.systemd1: Process org.freedesktop.systemd1 exited with status 1,WARNING
2025-08-12T17:02:16.761811+05:30,sai-VirtualBox,gnome-session-binary[1271],WARNING: Could not check if unit gnome-session-wayland@gnome-login.target is active: Error calling StartServiceByName for org.freedesktop.systemd1: Process org.freedesktop.systemd1 exited with status 1,WARNING
2025-08-12T17:02:39.248251+05:30,sai-VirtualBox,gnome-session[1915],gnome-session-binary[1915]: GnomeDesktop-WARNING: Could not create transient scope for PID 2113: GDBus.Error:org.freedesktop.DBus.Error.UnixProcessIdUnknown: Failed to set unit properties: No such process,WARNING
2025-08-12T17:02:39.248477+05:30,sai-VirtualBox,gnome-session-binary[1915],GnomeDesktop-WARNING: Could not create transient scope for PID 2113: GDBus.Error:org.freedesktop.DBus.Error.UnixProcessIdUnknown: Failed to set unit properties: No such process,WARNING
2025-08-12T17:02:45.356344+05:30,sai-VirtualBox,tracker-miner-fs-3[2609],"(tracker-extract-3:2609): GLib-GIO-WARNING **: 17:02:45.355: Error creating IO channel for /proc/self/mountinfo: Invalid argument (g-io-error-quark, 13)",WARNING
2025-08-12T17:02:45.884786+05:30,sai-VirtualBox,gnome-shell[1948],DING: (gjs:2523): Gjs-WARNING **: 17:02:45.881: GLib.unix_signal_add has been moved to a separate platform-specific library. Please update your code to use GLibUnix.signal_add instead.,WARNING
2025-08-12T17:02:46.971931+05:30,sai-VirtualBox,gnome-shell[1948],DING: (gjs:2635): Gjs-WARNING **: 17:02:46.970: GLib.unix_signal_add has been moved to a separate platform-specific library. Please update your code to use GLibUnix.signal_add instead.,WARNING
2025-08-12T17:09:25.957537+05:30,sai-VirtualBox,tracker-miner-fs-3[3041],"(tracker-extract-3:3041): GLib-GIO-WARNING **: 17:09:25.956: Error creating IO channel for /proc/self/mountinfo: Invalid argument (g-io-error-quark, 13)",WARNING
2025-08-12T17:09:36.951148+05:30,sai-VirtualBox,tracker-miner-fs-3[3047],"(tracker-extract-3:3047): GLib-GIO-WARNING **: 17:09:36.948: Error creating IO channel for /proc/self/mountinfo: Invalid argument (g-io-error-quark, 13)",WARNING
2025-08-12T17:11:49.000065+05:30,sai-VirtualBox,tracker-miner-fs-3[3101],"(tracker-extract-3:3101): GLib-GIO-WARNING **: 17:11:48.998: Error creating IO channel for /proc/self/mountinfo: Invalid argument (g-io-error-quark, 13)",WARNING
2025-08-12T17:12:20.457070+05:30,sai-VirtualBox,tracker-miner-fs-3[3112],"(tracker-extract-3:3112): GLib-GIO-WARNING **: 17:12:20.454: Error creating IO channel for /proc/self/mountinfo: Invalid argument (g-io-error-quark, 13)",WARNING
2025-08-12T17:23:52.162708+05:30,sai-VirtualBox,tracker-miner-fs-3[3173],"(tracker-extract-3:3173): GLib-GIO-WARNING **: 17:23:52.162: Error creating IO channel for /proc/self/mountinfo: Invalid argument (g-io-error-quark, 13)",WARNING
2025-08-12T17:27:45.705373+05:30,sai-VirtualBox,tracker-miner-fs-3[3235],"(tracker-extract-3:3235): GLib-GIO-WARNING **: 17:27:45.702: Error creating IO channel for /proc/self/mountinfo: Invalid argument (g-io-error-quark, 13)",WARNING
2025-08-12T17:30:53.300533+05:30,sai-VirtualBox,tracker-miner-fs-3[3279],"(tracker-extract-3:3279): GLib-GIO-WARNING **: 17:30:53.299: Error creating IO channel for /proc/self/mountinfo: Invalid argument (g-io-error-quark, 13)",WARNING
2025-08-12T17:40:49.965695+05:30,sai-VirtualBox,tracker-miner-fs-3[3430],"(tracker-extract-3:3430): GLib-GIO-WARNING **: 17:40:49.963: Error creating IO channel for /proc/self/mountinfo: Invalid argument (g-io-error-quark, 13)",WARNING
2025-08-12T17:45:46.226743+05:30,sai-VirtualBox,tracker-miner-fs-3[3444],"(tracker-extract-3:3444): GLib-GIO-WARNING **: 17:45:46.225: Error creating IO channel for /proc/self/mountinfo: Invalid argument (g-io-error-quark, 13)",WARNING
2025-08-12T18:02:41.152144+05:30,sai-VirtualBox,gnome-shell[1948],DING: (gjs:3677): Gjs-WARNING **: 18:02:40.822: GLib.unix_signal_add has been moved to a separate platform-specific library. Please update your code to use GLibUnix.signal_add instead.,WARNING
2025-08-12T18:04:21.666761+05:30,sai-VirtualBox,tracker-miner-fs-3[3741],"(tracker-extract-3:3741): GLib-GIO-WARNING **: 18:04:21.665: Error creating IO channel for /proc/self/mountinfo: Invalid argument (g-io-error-quark, 13)",WARNING
2025-08-12T18:10:53.911974+05:30,sai-VirtualBox,tracker-miner-fs-3[3807],"(tracker-extract-3:3807): GLib-GIO-WARNING **: 18:10:53.911: Error creating IO channel for /proc/self/mountinfo: Invalid argument (g-io-error-quark, 13)",WARNING
2025-08-12T18:21:31.638363+05:30,sai-VirtualBox,gnome-shell[1948],DING: (gjs:3968): Gjs-WARNING **: 18:21:31.264: GLib.unix_signal_add has been moved to a separate platform-specific library. Please update your code to use GLibUnix.signal_add instead.,WARNING
2025-08-12T18:23:37.560543+05:30,sai-VirtualBox,tracker-miner-fs-3[4031],"(tracker-extract-3:4031): GLib-GIO-WARNING **: 18:23:37.559: Error creating IO channel for /proc/self/mountinfo: Invalid argument (g-io-error-quark, 13)",WARNING
2025-08-12T18:30:55.930222+05:30,sai-VirtualBox,tracker-miner-fs-3[4059],"(tracker-extract-3:4059): GLib-GIO-WARNING **: 18:30:55.928: Error creating IO channel for /proc/self/mountinfo: Invalid argument (g-io-error-quark, 13)",WARNING
2025-08-12T18:34:08.674979+05:30,sai-VirtualBox,tracker-miner-fs-3[4070],"(tracker-extract-3:4070): GLib-GIO-WARNING **: 18:34:08.674: Error creating IO channel for /proc/self/mountinfo: Invalid argument (g-io-error-quark, 13)",WARNING
2025-08-12T18:39:40.757020+05:30,sai-VirtualBox,tracker-miner-fs-3[4084],"(tracker-extract-3:4084): GLib-GIO-WARNING **: 18:39:40.756: Error creating IO channel for /proc/self/mountinfo: Invalid argument (g-io-error-quark, 13)",WARNING
2025-08-12T18:40:07.615583+05:30,sai-VirtualBox,tracker-miner-fs-3[4096],"(tracker-extract-3:4096): GLib-GIO-WARNING **: 18:40:07.615: Error creating IO channel for /proc/self/mountinfo: Invalid argument (g-io-error-quark, 13)",WARNING
2025-08-12T18:41:43.884547+05:30,sai-VirtualBox,tracker-miner-fs-3[4109],"(tracker-extract-3:4109): GLib-GIO-WARNING **: 18:41:43.882: Error creating IO channel for /proc/self/mountinfo: Invalid argument (g-io-error-quark, 13)",WARNING
2025-08-12T18:49:31.214499+05:30,sai-VirtualBox,tracker-miner-fs-3[5446],"(tracker-extract-3:5446): GLib-GIO-WARNING **: 18:49:31.213: Error creating IO channel for /proc/self/mountinfo: Invalid argument (g-io-error-quark, 13)",WARNING
2025-08-12T21:26:17.381517+05:30,sai-VirtualBox,kernel,"RETBleed: WARNING: Spectre v2 mitigation leaves CPU vulnerable to RETBleed attacks, data leaks possible!",WARNING
2025-08-12T21:26:17.382416+05:30,sai-VirtualBox,kernel,vmwgfx 0000:00:02.0: [drm] *ERROR* vmwgfx seems to be running on an unsupported hypervisor.,ERROR
2025-08-12T21:26:17.382417+05:30,sai-VirtualBox,kernel,vmwgfx 0000:00:02.0: [drm] *ERROR* This configuration is likely broken.,ERROR
2025-08-12T21:26:17.382418+05:30,sai-VirtualBox,kernel,vmwgfx 0000:00:02.0: [drm] *ERROR* Please switch to a supported graphics device to avoid problems.,ERROR
2025-08-12T21:26:22.695758+05:30,sai-VirtualBox,gnome-session[1284],gnome-session-binary[1284]: WARNING: Could not check if unit gnome-session-wayland@gnome-login.target is active: Error calling StartServiceByName for org.freedesktop.systemd1: Process org.freedesktop.systemd1 exited with status 1,WARNING
2025-08-12T21:26:22.696525+05:30,sai-VirtualBox,gnome-session-binary[1284],WARNING: Could not check if unit gnome-session-wayland@gnome-login.target is active: Error calling StartServiceByName for org.freedesktop.systemd1: Process org.freedesktop.systemd1 exited with status 1,WARNING
2025-08-12T21:26:42.458525+05:30,sai-VirtualBox,gnome-session[1924],gnome-session-binary[1924]: GnomeDesktop-WARNING: Could not create transient scope for PID 2097: GDBus.Error:org.freedesktop.DBus.Error.UnixProcessIdUnknown: Failed to set unit properties: No such process,WARNING
2025-08-12T21:26:42.458959+05:30,sai-VirtualBox,gnome-session-binary[1924],GnomeDesktop-WARNING: Could not create transient scope for PID 2097: GDBus.Error:org.freedesktop.DBus.Error.UnixProcessIdUnknown: Failed to set unit properties: No such process,WARNING
2025-08-12T21:26:42.582308+05:30,sai-VirtualBox,gnome-session[1924],gnome-session-binary[1924]: GnomeDesktop-WARNING: Could not create transient scope for PID 2105: GDBus.Error:org.freedesktop.DBus.Error.UnixProcessIdUnknown: Failed to set unit properties: No such process,WARNING
2025-08-12T21:26:42.583964+05:30,sai-VirtualBox,gnome-session-binary[1924],GnomeDesktop-WARNING: Could not create transient scope for PID 2105: GDBus.Error:org.freedesktop.DBus.Error.UnixProcessIdUnknown: Failed to set unit properties: No such process,WARNING
2025-08-12T21:26:46.560832+05:30,sai-VirtualBox,gnome-shell[1325],JS ERROR: Gio.IOErrorEnum: Xwayland exited unexpectedly#012@resource:///org/gnome/shell/ui/init.js:21:20,ERROR
2025-08-12T21:26:50.813504+05:30,sai-VirtualBox,gnome-shell[1962],DING: (gjs:2667): Gjs-WARNING **: 21:26:50.811: GLib.unix_signal_add has been moved to a separate platform-specific library. Please update your code to use GLibUnix.signal_add instead.,WARNING
2025-08-12T21:27:04.932295+05:30,sai-VirtualBox,tracker-miner-fs-3[2760],"(tracker-extract-3:2760): GLib-GIO-WARNING **: 21:27:04.931: Error creating IO channel for /proc/self/mountinfo: Invalid argument (g-io-error-quark, 13)",WARNING
2025-08-12T21:27:46.343482+05:30,sai-VirtualBox,tracker-miner-fs-3[2842],"(tracker-extract-3:2842): GLib-GIO-WARNING **: 21:27:46.342: Error creating IO channel for /proc/self/mountinfo: Invalid argument (g-io-error-quark, 13)",WARNING
2025-08-12T21:27:57.532715+05:30,sai-VirtualBox,tracker-miner-fs-3[2863],"(tracker-extract-3:2863): GLib-GIO-WARNING **: 21:27:57.531: Error creating IO channel for /proc/self/mountinfo: Invalid argument (g-io-error-quark, 13)",WARNING
2025-08-12T21:39:28.643804+05:30,sai-VirtualBox,gnome-shell[1962],DING: (gjs:3003): Gjs-WARNING **: 21:39:28.349: GLib.unix_signal_add has been moved to a separate platform-specific library. Please update your code to use GLibUnix.signal_add instead.,WARNING
2025-08-12T21:41:08.304807+05:30,sai-VirtualBox,tracker-miner-fs-3[3141],"(tracker-extract-3:3141): GLib-GIO-WARNING **: 21:41:08.304: Error creating IO channel for /proc/self/mountinfo: Invalid argument (g-io-error-quark, 13)",WARNING
2025-08-12T21:41:21.234945+05:30,sai-VirtualBox,tracker-miner-fs-3[3156],"(tracker-extract-3:3156): GLib-GIO-WARNING **: 21:41:21.233: Error creating IO channel for /proc/self/mountinfo: Invalid argument (g-io-error-quark, 13)",WARNING
2025-08-12T21:41:38.420910+05:30,sai-VirtualBox,tracker-miner-fs-3[3164],"(tracker-extract-3:3164): GLib-GIO-WARNING **: 21:41:38.419: Error creating IO channel for /proc/self/mountinfo: Invalid argument (g-io-error-quark, 13)",WARNING
2025-08-14T21:43:36.341811+05:30,sai-VirtualBox,kernel,"RETBleed: WARNING: Spectre v2 mitigation leaves CPU vulnerable to RETBleed attacks, data leaks possible!",WARNING
2025-08-14T21:43:36.367591+05:30,sai-VirtualBox,kernel,vmwgfx 0000:00:02.0: [drm] *ERROR* vmwgfx seems to be running on an unsupported hypervisor.,ERROR
2025-08-14T21:43:36.367592+05:30,sai-VirtualBox,kernel,vmwgfx 0000:00:02.0: [drm] *ERROR* This configuration is likely broken.,ERROR
2025-08-14T21:43:36.367592+05:30,sai-VirtualBox,kernel,vmwgfx 0000:00:02.0: [drm] *ERROR* Please switch to a supported graphics device to avoid problems.,ERROR
2025-08-14T21:43:41.066013+05:30,sai-VirtualBox,gnome-session[1333],gnome-session-binary[1333]: WARNING: Could not check if unit gnome-session-wayland@gnome-login.target is active: Error calling StartServiceByName for org.freedesktop.systemd1: Process org.freedesktop.systemd1 exited with status 1,WARNING
2025-08-14T21:43:41.066528+05:30,sai-VirtualBox,gnome-session-binary[1333],WARNING: Could not check if unit gnome-session-wayland@gnome-login.target is active: Error calling StartServiceByName for org.freedesktop.systemd1: Process org.freedesktop.systemd1 exited with status 1,WARNING
2025-08-14T21:45:17.179243+05:30,sai-VirtualBox,gnome-session[1999],gnome-session-binary[1999]: GnomeDesktop-WARNING: Could not create transient scope for PID 2176: GDBus.Error:org.freedesktop.DBus.Error.UnixProcessIdUnknown: Failed to set unit properties: No such process,WARNING
2025-08-14T21:45:17.180315+05:30,sai-VirtualBox,gnome-session-binary[1999],GnomeDesktop-WARNING: Could not create transient scope for PID 2176: GDBus.Error:org.freedesktop.DBus.Error.UnixProcessIdUnknown: Failed to set unit properties: No such process,WARNING
2025-08-14T21:45:17.208305+05:30,sai-VirtualBox,gnome-session[1999],gnome-session-binary[1999]: GnomeDesktop-WARNING: Could not create transient scope for PID 2181: GDBus.Error:org.freedesktop.DBus.Error.UnixProcessIdUnknown: Failed to set unit properties: No such process,WARNING
2025-08-14T21:45:17.208456+05:30,sai-VirtualBox,gnome-session-binary[1999],GnomeDesktop-WARNING: Could not create transient scope for PID 2181: GDBus.Error:org.freedesktop.DBus.Error.UnixProcessIdUnknown: Failed to set unit properties: No such process,WARNING
2025-08-14T21:45:17.214743+05:30,sai-VirtualBox,gnome-session[1999],gnome-session-binary[1999]: GnomeDesktop-WARNING: Could not create transient scope for PID 2184: GDBus.Error:org.freedesktop.DBus.Error.UnixProcessIdUnknown: Failed to set unit properties: No such process,WARNING
2025-08-14T21:45:17.215058+05:30,sai-VirtualBox,gnome-session-binary[1999],GnomeDesktop-WARNING: Could not create transient scope for PID 2184: GDBus.Error:org.freedesktop.DBus.Error.UnixProcessIdUnknown: Failed to set unit properties: No such process,WARNING
2025-08-14T21:45:21.047951+05:30,sai-VirtualBox,gnome-shell[1371],JS ERROR: Gio.IOErrorEnum: Xwayland exited unexpectedly#012@resource:///org/gnome/shell/ui/init.js:21:20,ERROR
2025-08-14T21:45:25.339462+05:30,sai-VirtualBox,gnome-shell[2036],DING: (gjs:2751): Gjs-WARNING **: 21:45:25.338: GLib.unix_signal_add has been moved to a separate platform-specific library. Please update your code to use GLibUnix.signal_add instead.,WARNING
2025-08-14T21:45:39.907524+05:30,sai-VirtualBox,tracker-miner-fs-3[2822],"(tracker-extract-3:2822): GLib-GIO-WARNING **: 21:45:39.906: Error creating IO channel for /proc/self/mountinfo: Invalid argument (g-io-error-quark, 13)",WARNING
2025-08-14T22:09:13.977052+05:30,sai-VirtualBox,gnome-shell[2036],DING: (gjs:2970): Gjs-WARNING **: 22:07:06.455: GLib.unix_signal_add has been moved to a separate platform-specific library. Please update your code to use GLibUnix.signal_add instead.,WARNING
2025-08-14T22:09:14.180478+05:30,sai-VirtualBox,gnome-shell[2036],DING: (org.gnome.Nautilus:2987): GVFS-WARNING **: 22:09:14.154: The peer-to-peer connection failed: Timeout was reached. Falling back to the session bus. Your application is probably missing --filesystem=xdg-run/gvfsd privileges.,WARNING
2025-08-14T22:09:15.868918+05:30,sai-VirtualBox,gnome-shell[2036],DING: (gjs:2995): Gjs-WARNING **: 22:09:15.868: GLib.unix_signal_add has been moved to a separate platform-specific library. Please update your code to use GLibUnix.signal_add instead.,WARNING
2025-08-14T22:19:05.095938+05:30,sai-VirtualBox,tracker-miner-fs-3[4118],"(tracker-extract-3:4118): GLib-GIO-WARNING **: 22:19:05.094: Error creating IO channel for /proc/self/mountinfo: Invalid argument (g-io-error-quark, 13)",WARNING
2025-08-14T22:25:41.822677+05:30,sai-VirtualBox,tracker-miner-fs-3[4206],"(tracker-extract-3:4206): GLib-GIO-WARNING **: 22:25:41.820: Error creating IO channel for /proc/self/mountinfo: Invalid argument (g-io-error-quark, 13)",WARNING
2025-08-14T22:42:51.109985+05:30,sai-VirtualBox,gnome-shell[2036],DING: (gjs:24027): Gjs-WARNING **: 22:42:50.870: GLib.unix_signal_add has been moved to a separate platform-specific library. Please update your code to use GLibUnix.signal_add instead.,WARNING
2025-08-14T23:39:54.871004+05:30,sai-VirtualBox,gnome-shell[2036],DING: (gjs:25251): Gjs-WARNING **: 23:39:54.858: GLib.unix_signal_add has been moved to a separate platform-specific library. Please update your code to use GLibUnix.signal_add instead.,WARNING
2025-08-14T23:39:55.508881+05:30,sai-VirtualBox,gnome-session[25370],gnome-session-binary[25370]: WARNING: Could not check if unit gnome-session-wayland@gnome-login.target is active: Error calling StartServiceByName for org.freedesktop.systemd1: Process org.freedesktop.systemd1 exited with status 1,WARNING
2025-08-14T23:39:55.510848+05:30,sai-VirtualBox,gnome-session-binary[25370],WARNING: Could not check if unit gnome-session-wayland@gnome-login.target is active: Error calling StartServiceByName for org.freedesktop.systemd1: Process org.freedesktop.systemd1 exited with status 1,WARNING
2025-08-14T23:39:56.208247+05:30,sai-VirtualBox,gnome-shell[2036],DING: (gjs:25335): Gjs-WARNING **: 23:39:56.206: GLib.unix_signal_add has been moved to a separate platform-specific library. Please update your code to use GLibUnix.signal_add instead.,WARNING
2025-08-14T23:39:59.238410+05:30,sai-VirtualBox,gnome-shell[2036],DING: (gjs:25631): Gjs-WARNING **: 23:39:59.234: GLib.unix_signal_add has been moved to a separate platform-specific library. Please update your code to use GLibUnix.signal_add instead.,WARNING
2025-08-14T23:40:01.750034+05:30,sai-VirtualBox,gnome-shell[2036],DING: (gjs:25819): Gjs-WARNING **: 23:40:01.748: GLib.unix_signal_add has been moved to a separate platform-specific library. Please update your code to use GLibUnix.signal_add instead.,WARNING
2025-08-14T23:40:04.975516+05:30,sai-VirtualBox,gnome-shell[2036],DING: (gjs:25849): Gjs-WARNING **: 23:40:04.974: GLib.unix_signal_add has been moved to a separate platform-specific library. Please update your code to use GLibUnix.signal_add instead.,WARNING
2025-08-14T23:40:07.769366+05:30,sai-VirtualBox,gnome-shell[2036],DING: (gjs:25887): Gjs-WARNING **: 23:40:07.767: GLib.unix_signal_add has been moved to a separate platform-specific library. Please update your code to use GLibUnix.signal_add instead.,WARNING
2025-08-14T23:40:10.826045+05:30,sai-VirtualBox,gnome-shell[2036],DING: (gjs:25910): Gjs-WARNING **: 23:40:10.824: GLib.unix_signal_add has been moved to a separate platform-specific library. Please update your code to use GLibUnix.signal_add instead.,WARNING
2025-08-14T23:40:13.904150+05:30,sai-VirtualBox,gnome-shell[2036],DING: (gjs:25933): Gjs-WARNING **: 23:40:13.903: GLib.unix_signal_add has been moved to a separate platform-specific library. Please update your code to use GLibUnix.signal_add instead.,WARNING
2025-08-14T23:40:17.228428+05:30,sai-VirtualBox,gnome-shell[2036],DING: (gjs:25958): Gjs-WARNING **: 23:40:17.155: GLib.unix_signal_add has been moved to a separate platform-specific library. Please update your code to use GLibUnix.signal_add instead.,WARNING
2025-08-14T23:40:20.027974+05:30,sai-VirtualBox,gnome-shell[2036],DING: (gjs:25997): Gjs-WARNING **: 23:40:20.027: GLib.unix_signal_add has been moved to a separate platform-specific library. Please update your code to use GLibUnix.signal_add instead.,WARNING
2025-08-14T23:40:23.061200+05:30,sai-VirtualBox,gnome-shell[2036],DING: (gjs:26019): Gjs-WARNING **: 23:40:23.060: GLib.unix_signal_add has been moved to a separate platform-specific library. Please update your code to use GLibUnix.signal_add instead.,WARNING
2025-08-14T23:40:26.065048+05:30,sai-VirtualBox,gnome-shell[2036],DING: (gjs:26041): Gjs-WARNING **: 23:40:26.063: GLib.unix_signal_add has been moved to a separate platform-specific library. Please update your code to use GLibUnix.signal_add instead.,WARNING
2025-08-14T23:40:29.285895+05:30,sai-VirtualBox,gnome-shell[2036],DING: (gjs:26067): Gjs-WARNING **: 23:40:29.283: GLib.unix_signal_add has been moved to a separate platform-specific library. Please update your code to use GLibUnix.signal_add instead.,WARNING
2025-08-14T23:40:32.163962+05:30,sai-VirtualBox,gnome-shell[2036],DING: (gjs:26115): Gjs-WARNING **: 23:40:32.162: GLib.unix_signal_add has been moved to a separate platform-specific library. Please update your code to use GLibUnix.signal_add instead.,WARNING
2025-08-14T23:40:35.197009+05:30,sai-VirtualBox,gnome-shell[2036],DING: (gjs:26137): Gjs-WARNING **: 23:40:35.195: GLib.unix_signal_add has been moved to a separate platform-specific library. Please update your code to use GLibUnix.signal_add instead.,WARNING
2025-08-14T23:40:38.295136+05:30,sai-VirtualBox,gnome-shell[2036],DING: (gjs:26159): Gjs-WARNING **: 23:40:38.294: GLib.unix_signal_add has been moved to a separate platform-specific library. Please update your code to use GLibUnix.signal_add instead.,WARNING
2025-08-14T23:40:41.427028+05:30,sai-VirtualBox,gnome-shell[2036],DING: (gjs:26184): Gjs-WARNING **: 23:40:41.424: GLib.unix_signal_add has been moved to a separate platform-specific library. Please update your code to use GLibUnix.signal_add instead.,WARNING
2025-08-14T23:40:44.357931+05:30,sai-VirtualBox,gnome-shell[2036],DING: (gjs:26221): Gjs-WARNING **: 23:40:44.356: GLib.unix_signal_add has been moved to a separate platform-specific library. Please update your code to use GLibUnix.signal_add instead.,WARNING
2025-08-14T23:40:47.378924+05:30,sai-VirtualBox,gnome-shell[2036],DING: (gjs:26244): Gjs-WARNING **: 23:40:47.376: GLib.unix_signal_add has been moved to a separate platform-specific library. Please update your code to use GLibUnix.signal_add instead.,WARNING
2025-08-14T23:40:50.413334+05:30,sai-VirtualBox,gnome-shell[2036],DING: (gjs:26266): Gjs-WARNING **: 23:40:50.411: GLib.unix_signal_add has been moved to a separate platform-specific library. Please update your code to use GLibUnix.signal_add instead.,WARNING
2025-08-14T23:40:53.662892+05:30,sai-VirtualBox,gnome-shell[2036],DING: (gjs:26294): Gjs-WARNING **: 23:40:53.661: GLib.unix_signal_add has been moved to a separate platform-specific library. Please update your code to use GLibUnix.signal_add instead.,WARNING
2025-08-14T23:40:56.525015+05:30,sai-VirtualBox,gnome-shell[2036],DING: (gjs:26334): Gjs-WARNING **: 23:40:56.523: GLib.unix_signal_add has been moved to a separate platform-specific library. Please update your code to use GLibUnix.signal_add instead.,WARNING
2025-08-14T23:40:59.554081+05:30,sai-VirtualBox,gnome-shell[2036],DING: (gjs:26356): Gjs-WARNING **: 23:40:59.552: GLib.unix_signal_add has been moved to a separate platform-specific library. Please update your code to use GLibUnix.signal_add instead.,WARNING
2025-08-14T23:41:02.598024+05:30,sai-VirtualBox,gnome-shell[2036],DING: (gjs:26382): Gjs-WARNING **: 23:41:02.596: GLib.unix_signal_add has been moved to a separate platform-specific library. Please update your code to use GLibUnix.signal_add instead.,WARNING
2025-08-14T23:41:05.873702+05:30,sai-VirtualBox,gnome-shell[2036],DING: (gjs:26407): Gjs-WARNING **: 23:41:05.873: GLib.unix_signal_add has been moved to a separate platform-specific library. Please update your code to use GLibUnix.signal_add instead.,WARNING
2025-08-14T23:41:08.687858+05:30,sai-VirtualBox,gnome-shell[2036],DING: (gjs:26447): Gjs-WARNING **: 23:41:08.686: GLib.unix_signal_add has been moved to a separate platform-specific library. Please update your code to use GLibUnix.signal_add instead.,WARNING
2025-08-14T23:41:11.744050+05:30,sai-VirtualBox,gnome-shell[2036],DING: (gjs:26470): Gjs-WARNING **: 23:41:11.742: GLib.unix_signal_add has been moved to a separate platform-specific library. Please update your code to use GLibUnix.signal_add instead.,WARNING
2025-08-14T23:41:14.802004+05:30,sai-VirtualBox,gnome-shell[2036],DING: (gjs:26492): Gjs-WARNING **: 23:41:14.800: GLib.unix_signal_add has been moved to a separate platform-specific library. Please update your code to use GLibUnix.signal_add instead.,WARNING
2025-08-14T23:41:18.057471+05:30,sai-VirtualBox,gnome-shell[2036],DING: (gjs:26517): Gjs-WARNING **: 23:41:18.056: GLib.unix_signal_add has been moved to a separate platform-specific library. Please update your code to use GLibUnix.signal_add instead.,WARNING
2025-08-14T23:41:20.893405+05:30,sai-VirtualBox,gnome-shell[2036],DING: (gjs:26554): Gjs-WARNING **: 23:41:20.891: GLib.unix_signal_add has been moved to a separate platform-specific library. Please update your code to use GLibUnix.signal_add instead.,WARNING
2025-08-14T23:41:23.942084+05:30,sai-VirtualBox,gnome-shell[2036],DING: (gjs:26576): Gjs-WARNING **: 23:41:23.940: GLib.unix_signal_add has been moved to a separate platform-specific library. Please update your code to use GLibUnix.signal_add instead.,WARNING
2025-08-14T23:41:26.988847+05:30,sai-VirtualBox,gnome-shell[2036],DING: (gjs:26599): Gjs-WARNING **: 23:41:26.987: GLib.unix_signal_add has been moved to a separate platform-specific library. Please update your code to use GLibUnix.signal_add instead.,WARNING
2025-08-14T23:41:30.236401+05:30,sai-VirtualBox,gnome-shell[2036],DING: (gjs:26624): Gjs-WARNING **: 23:41:30.234: GLib.unix_signal_add has been moved to a separate platform-specific library. Please update your code to use GLibUnix.signal_add instead.,WARNING
2025-08-14T23:41:33.077065+05:30,sai-VirtualBox,gnome-shell[2036],DING: (gjs:26662): Gjs-WARNING **: 23:41:33.076: GLib.unix_signal_add has been moved to a separate platform-specific library. Please update your code to use GLibUnix.signal_add instead.,WARNING
2025-08-14T23:41:36.132054+05:30,sai-VirtualBox,gnome-shell[2036],DING: (gjs:26686): Gjs-WARNING **: 23:41:36.131: GLib.unix_signal_add has been moved to a separate platform-specific library. Please update your code to use GLibUnix.signal_add instead.,WARNING
2025-08-14T23:41:39.177068+05:30,sai-VirtualBox,gnome-shell[2036],DING: (gjs:26709): Gjs-WARNING **: 23:41:39.175: GLib.unix_signal_add has been moved to a separate platform-specific library. Please update your code to use GLibUnix.signal_add instead.,WARNING
2025-08-14T23:41:42.430841+05:30,sai-VirtualBox,gnome-shell[2036],DING: (gjs:26734): Gjs-WARNING **: 23:41:42.429: GLib.unix_signal_add has been moved to a separate platform-specific library. Please update your code to use GLibUnix.signal_add instead.,WARNING
2025-08-14T23:41:45.276035+05:30,sai-VirtualBox,gnome-shell[2036],DING: (gjs:26772): Gjs-WARNING **: 23:41:45.274: GLib.unix_signal_add has been moved to a separate platform-specific library. Please update your code to use GLibUnix.signal_add instead.,WARNING
2025-08-14T23:41:48.345022+05:30,sai-VirtualBox,gnome-shell[2036],DING: (gjs:26794): Gjs-WARNING **: 23:41:48.344: GLib.unix_signal_add has been moved to a separate platform-specific library. Please update your code to use GLibUnix.signal_add instead.,WARNING
2025-08-14T23:41:51.415412+05:30,sai-VirtualBox,gnome-shell[2036],DING: (gjs:26816): Gjs-WARNING **: 23:41:51.413: GLib.unix_signal_add has been moved to a separate platform-specific library. Please update your code to use GLibUnix.signal_add instead.,WARNING
2025-08-14T23:41:54.569828+05:30,sai-VirtualBox,gnome-shell[2036],DING: (gjs:26847): Gjs-WARNING **: 23:41:54.568: GLib.unix_signal_add has been moved to a separate platform-specific library. Please update your code to use GLibUnix.signal_add instead.,WARNING
2025-08-14T23:41:57.484983+05:30,sai-VirtualBox,gnome-shell[2036],DING: (gjs:26885): Gjs-WARNING **: 23:41:57.484: GLib.unix_signal_add has been moved to a separate platform-specific library. Please update your code to use GLibUnix.signal_add instead.,WARNING
2025-08-14T23:42:00.534856+05:30,sai-VirtualBox,gnome-shell[2036],DING: (gjs:26908): Gjs-WARNING **: 23:42:00.533: GLib.unix_signal_add has been moved to a separate platform-specific library. Please update your code to use GLibUnix.signal_add instead.,WARNING
2025-08-14T23:42:03.586223+05:30,sai-VirtualBox,gnome-shell[2036],DING: (gjs:26929): Gjs-WARNING **: 23:42:03.585: GLib.unix_signal_add has been moved to a separate platform-specific library. Please update your code to use GLibUnix.signal_add instead.,WARNING
2025-08-14T23:42:06.830355+05:30,sai-VirtualBox,gnome-shell[2036],DING: (gjs:26954): Gjs-WARNING **: 23:42:06.829: GLib.unix_signal_add has been moved to a separate platform-specific library. Please update your code to use GLibUnix.signal_add instead.,WARNING
2025-08-14T23:42:09.676790+05:30,sai-VirtualBox,gnome-shell[2036],DING: (gjs:26993): Gjs-WARNING **: 23:42:09.674: GLib.unix_signal_add has been moved to a separate platform-specific library. Please update your code to use GLibUnix.signal_add instead.,WARNING
2025-08-14T23:42:12.725082+05:30,sai-VirtualBox,gnome-shell[2036],DING: (gjs:27016): Gjs-WARNING **: 23:42:12.722: GLib.unix_signal_add has been moved to a separate platform-specific library. Please update your code to use GLibUnix.signal_add instead.,WARNING
2025-08-14T23:42:15.767149+05:30,sai-VirtualBox,gnome-shell[2036],DING: (gjs:27038): Gjs-WARNING **: 23:42:15.765: GLib.unix_signal_add has been moved to a separate platform-specific library. Please update your code to use GLibUnix.signal_add instead.,WARNING
2025-08-14T23:42:18.984312+05:30,sai-VirtualBox,gnome-shell[2036],DING: (gjs:27063): Gjs-WARNING **: 23:42:18.981: GLib.unix_signal_add has been moved to a separate platform-specific library. Please update your code to use GLibUnix.signal_add instead.,WARNING
2025-08-14T23:42:21.859881+05:30,sai-VirtualBox,gnome-shell[2036],DING: (gjs:27101): Gjs-WARNING **: 23:42:21.858: GLib.unix_signal_add has been moved to a separate platform-specific library. Please update your code to use GLibUnix.signal_add instead.,WARNING
2025-08-14T23:42:24.901010+05:30,sai-VirtualBox,gnome-shell[2036],DING: (gjs:27123): Gjs-WARNING **: 23:42:24.899: GLib.unix_signal_add has been moved to a separate platform-specific library. Please update your code to use GLibUnix.signal_add instead.,WARNING
2025-08-14T23:42:27.941873+05:30,sai-VirtualBox,gnome-shell[2036],DING: (gjs:27146): Gjs-WARNING **: 23:42:27.940: GLib.unix_signal_add has been moved to a separate platform-specific library. Please update your code to use GLibUnix.signal_add instead.,WARNING
2025-08-14T23:42:31.169949+05:30,sai-VirtualBox,gnome-shell[2036],DING: (gjs:27171): Gjs-WARNING **: 23:42:31.169: GLib.unix_signal_add has been moved to a separate platform-specific library. Please update your code to use GLibUnix.signal_add instead.,WARNING
2025-08-14T23:42:34.021037+05:30,sai-VirtualBox,gnome-shell[2036],DING: (gjs:27209): Gjs-WARNING **: 23:42:34.019: GLib.unix_signal_add has been moved to a separate platform-specific library. Please update your code to use GLibUnix.signal_add instead.,WARNING
2025-08-14T23:42:37.076021+05:30,sai-VirtualBox,gnome-shell[2036],DING: (gjs:27231): Gjs-WARNING **: 23:42:37.074: GLib.unix_signal_add has been moved to a separate platform-specific library. Please update your code to use GLibUnix.signal_add instead.,WARNING
2025-08-14T23:42:40.130579+05:30,sai-VirtualBox,gnome-shell[2036],DING: (gjs:27253): Gjs-WARNING **: 23:42:40.129: GLib.unix_signal_add has been moved to a separate platform-specific library. Please update your code to use GLibUnix.signal_add instead.,WARNING
2025-08-14T23:42:43.371027+05:30,sai-VirtualBox,gnome-shell[2036],DING: (gjs:27283): Gjs-WARNING **: 23:42:43.370: GLib.unix_signal_add has been moved to a separate platform-specific library. Please update your code to use GLibUnix.signal_add instead.,WARNING
2025-08-14T23:42:46.231217+05:30,sai-VirtualBox,gnome-shell[2036],DING: (gjs:27322): Gjs-WARNING **: 23:42:46.229: GLib.unix_signal_add has been moved to a separate platform-specific library. Please update your code to use GLibUnix.signal_add instead.,WARNING
2025-08-14T23:42:49.281475+05:30,sai-VirtualBox,gnome-shell[2036],DING: (gjs:27344): Gjs-WARNING **: 23:42:49.279: GLib.unix_signal_add has been moved to a separate platform-specific library. Please update your code to use GLibUnix.signal_add instead.,WARNING
2025-08-14T23:42:52.338067+05:30,sai-VirtualBox,gnome-shell[2036],DING: (gjs:27367): Gjs-WARNING **: 23:42:52.336: GLib.unix_signal_add has been moved to a separate platform-specific library. Please update your code to use GLibUnix.signal_add instead.,WARNING
2025-08-14T23:42:55.548066+05:30,sai-VirtualBox,gnome-shell[2036],DING: (gjs:27394): Gjs-WARNING **: 23:42:55.547: GLib.unix_signal_add has been moved to a separate platform-specific library. Please update your code to use GLibUnix.signal_add instead.,WARNING
2025-08-14T23:42:58.425345+05:30,sai-VirtualBox,gnome-shell[2036],DING: (gjs:27433): Gjs-WARNING **: 23:42:58.423: GLib.unix_signal_add has been moved to a separate platform-specific library. Please update your code to use GLibUnix.signal_add instead.,WARNING
2025-08-14T23:43:01.478681+05:30,sai-VirtualBox,gnome-shell[2036],DING: (gjs:27456): Gjs-WARNING **: 23:43:01.477: GLib.unix_signal_add has been moved to a separate platform-specific library. Please update your code to use GLibUnix.signal_add instead.,WARNING
2025-08-14T23:43:04.545031+05:30,sai-VirtualBox,gnome-shell[2036],DING: (gjs:27479): Gjs-WARNING **: 23:43:04.543: GLib.unix_signal_add has been moved to a separate platform-specific library. Please update your code to use GLibUnix.signal_add instead.,WARNING
2025-08-14T23:43:07.775911+05:30,sai-VirtualBox,gnome-shell[2036],DING: (gjs:27504): Gjs-WARNING **: 23:43:07.775: GLib.unix_signal_add has been moved to a separate platform-specific library. Please update your code to use GLibUnix.signal_add instead.,WARNING
2025-08-14T23:43:10.642835+05:30,sai-VirtualBox,gnome-shell[2036],DING: (gjs:27543): Gjs-WARNING **: 23:43:10.641: GLib.unix_signal_add has been moved to a separate platform-specific library. Please update your code to use GLibUnix.signal_add instead.,WARNING
2025-08-14T23:43:13.693009+05:30,sai-VirtualBox,gnome-shell[2036],DING: (gjs:27565): Gjs-WARNING **: 23:43:13.691: GLib.unix_signal_add has been moved to a separate platform-specific library. Please update your code to use GLibUnix.signal_add instead.,WARNING
2025-08-14T23:43:16.738121+05:30,sai-VirtualBox,gnome-shell[2036],DING: (gjs:27587): Gjs-WARNING **: 23:43:16.737: GLib.unix_signal_add has been moved to a separate platform-specific library. Please update your code to use GLibUnix.signal_add instead.,WARNING
2025-08-14T23:43:19.966051+05:30,sai-VirtualBox,gnome-shell[2036],DING: (gjs:27613): Gjs-WARNING **: 23:43:19.965: GLib.unix_signal_add has been moved to a separate platform-specific library. Please update your code to use GLibUnix.signal_add instead.,WARNING
2025-08-14T23:43:22.808550+05:30,sai-VirtualBox,gnome-shell[2036],DING: (gjs:27653): Gjs-WARNING **: 23:43:22.807: GLib.unix_signal_add has been moved to a separate platform-specific library. Please update your code to use GLibUnix.signal_add instead.,WARNING
2025-08-14T23:43:25.850870+05:30,sai-VirtualBox,gnome-shell[2036],DING: (gjs:27675): Gjs-WARNING **: 23:43:25.848: GLib.unix_signal_add has been moved to a separate platform-specific library. Please update your code to use GLibUnix.signal_add instead.,WARNING
2025-08-14T23:43:28.895978+05:30,sai-VirtualBox,gnome-shell[2036],DING: (gjs:27697): Gjs-WARNING **: 23:43:28.895: GLib.unix_signal_add has been moved to a separate platform-specific library. Please update your code to use GLibUnix.signal_add instead.,WARNING
2025-08-14T23:43:32.137158+05:30,sai-VirtualBox,gnome-shell[2036],DING: (gjs:27723): Gjs-WARNING **: 23:43:32.135: GLib.unix_signal_add has been moved to a separate platform-specific library. Please update your code to use GLibUnix.signal_add instead.,WARNING
2025-08-14T23:43:34.999048+05:30,sai-VirtualBox,gnome-shell[2036],DING: (gjs:27761): Gjs-WARNING **: 23:43:34.998: GLib.unix_signal_add has been moved to a separate platform-specific library. Please update your code to use GLibUnix.signal_add instead.,WARNING
2025-08-14T23:43:38.074348+05:30,sai-VirtualBox,gnome-shell[2036],DING: (gjs:27784): Gjs-WARNING **: 23:43:38.073: GLib.unix_signal_add has been moved to a separate platform-specific library. Please update your code to use GLibUnix.signal_add instead.,WARNING
2025-08-14T23:43:41.109219+05:30,sai-VirtualBox,gnome-shell[2036],DING: (gjs:27806): Gjs-WARNING **: 23:43:41.108: GLib.unix_signal_add has been moved to a separate platform-specific library. Please update your code to use GLibUnix.signal_add instead.,WARNING
2025-08-14T23:43:44.351026+05:30,sai-VirtualBox,gnome-shell[2036],DING: (gjs:27832): Gjs-WARNING **: 23:43:44.349: GLib.unix_signal_add has been moved to a separate platform-specific library. Please update your code to use GLibUnix.signal_add instead.,WARNING
2025-08-14T23:43:47.225120+05:30,sai-VirtualBox,gnome-shell[2036],DING: (gjs:27870): Gjs-WARNING **: 23:43:47.224: GLib.unix_signal_add has been moved to a separate platform-specific library. Please update your code to use GLibUnix.signal_add instead.,WARNING
2025-08-14T23:43:50.309639+05:30,sai-VirtualBox,gnome-shell[2036],DING: (gjs:27894): Gjs-WARNING **: 23:43:50.308: GLib.unix_signal_add has been moved to a separate platform-specific library. Please update your code to use GLibUnix.signal_add instead.,WARNING
2025-08-14T23:43:53.352043+05:30,sai-VirtualBox,gnome-shell[2036],DING: (gjs:27918): Gjs-WARNING **: 23:43:53.350: GLib.unix_signal_add has been moved to a separate platform-specific library. Please update your code to use GLibUnix.signal_add instead.,WARNING
2025-08-14T23:43:56.569981+05:30,sai-VirtualBox,gnome-shell[2036],DING: (gjs:27945): Gjs-WARNING **: 23:43:56.568: GLib.unix_signal_add has been moved to a separate platform-specific library. Please update your code to use GLibUnix.signal_add instead.,WARNING
2025-08-14T23:43:59.453037+05:30,sai-VirtualBox,gnome-shell[2036],DING: (gjs:27982): Gjs-WARNING **: 23:43:59.451: GLib.unix_signal_add has been moved to a separate platform-specific library. Please update your code to use GLibUnix.signal_add instead.,WARNING
2025-08-14T23:44:02.507008+05:30,sai-VirtualBox,gnome-shell[2036],DING: (gjs:28004): Gjs-WARNING **: 23:44:02.506: GLib.unix_signal_add has been moved to a separate platform-specific library. Please update your code to use GLibUnix.signal_add instead.,WARNING
2025-08-14T23:44:05.571327+05:30,sai-VirtualBox,gnome-shell[2036],DING: (gjs:28026): Gjs-WARNING **: 23:44:05.570: GLib.unix_signal_add has been moved to a separate platform-specific library. Please update your code to use GLibUnix.signal_add instead.,WARNING
2025-08-14T23:44:08.834011+05:30,sai-VirtualBox,gnome-shell[2036],DING: (gjs:28052): Gjs-WARNING **: 23:44:08.833: GLib.unix_signal_add has been moved to a separate platform-specific library. Please update your code to use GLibUnix.signal_add instead.,WARNING
2025-08-14T23:44:11.629035+05:30,sai-VirtualBox,gnome-shell[2036],DING: (gjs:28091): Gjs-WARNING **: 23:44:11.627: GLib.unix_signal_add has been moved to a separate platform-specific library. Please update your code to use GLibUnix.signal_add instead.,WARNING
2025-08-14T23:44:14.679061+05:30,sai-VirtualBox,gnome-shell[2036],DING: (gjs:28113): Gjs-WARNING **: 23:44:14.676: GLib.unix_signal_add has been moved to a separate platform-specific library. Please update your code to use GLibUnix.signal_add instead.,WARNING
2025-08-14T23:44:17.768020+05:30,sai-VirtualBox,gnome-shell[2036],DING: (gjs:28136): Gjs-WARNING **: 23:44:17.766: GLib.unix_signal_add has been moved to a separate platform-specific library. Please update your code to use GLibUnix.signal_add instead.,WARNING
2025-08-14T23:44:21.003977+05:30,sai-VirtualBox,gnome-shell[2036],DING: (gjs:28161): Gjs-WARNING **: 23:44:21.003: GLib.unix_signal_add has been moved to a separate platform-specific library. Please update your code to use GLibUnix.signal_add instead.,WARNING
2025-08-14T23:44:23.834769+05:30,sai-VirtualBox,gnome-shell[2036],DING: (gjs:28199): Gjs-WARNING **: 23:44:23.833: GLib.unix_signal_add has been moved to a separate platform-specific library. Please update your code to use GLibUnix.signal_add instead.,WARNING
2025-08-14T23:44:26.894996+05:30,sai-VirtualBox,gnome-shell[2036],DING: (gjs:28222): Gjs-WARNING **: 23:44:26.892: GLib.unix_signal_add has been moved to a separate platform-specific library. Please update your code to use GLibUnix.signal_add instead.,WARNING
2025-08-14T23:44:29.963020+05:30,sai-VirtualBox,gnome-shell[2036],DING: (gjs:28245): Gjs-WARNING **: 23:44:29.961: GLib.unix_signal_add has been moved to a separate platform-specific library. Please update your code to use GLibUnix.signal_add instead.,WARNING
2025-08-14T23:44:33.655816+05:30,sai-VirtualBox,gnome-shell[2036],DING: (gjs:28271): Gjs-WARNING **: 23:44:33.653: GLib.unix_signal_add has been moved to a separate platform-specific library. Please update your code to use GLibUnix.signal_add instead.,WARNING
2025-08-14T23:44:36.217211+05:30,sai-VirtualBox,gnome-shell[2036],DING: (gjs:28308): Gjs-WARNING **: 23:44:36.216: GLib.unix_signal_add has been moved to a separate platform-specific library. Please update your code to use GLibUnix.signal_add instead.,WARNING
2025-08-14T23:44:39.380273+05:30,sai-VirtualBox,gnome-shell[2036],DING: (gjs:28331): Gjs-WARNING **: 23:44:39.379: GLib.unix_signal_add has been moved to a separate platform-specific library. Please update your code to use GLibUnix.signal_add instead.,WARNING
2025-08-14T23:44:42.617042+05:30,sai-VirtualBox,gnome-shell[2036],DING: (gjs:28355): Gjs-WARNING **: 23:44:42.597: GLib.unix_signal_add has been moved to a separate platform-specific library. Please update your code to use GLibUnix.signal_add instead.,WARNING
2025-08-14T23:44:46.153968+05:30,sai-VirtualBox,gnome-shell[2036],DING: (gjs:28381): Gjs-WARNING **: 23:44:46.151: GLib.unix_signal_add has been moved to a separate platform-specific library. Please update your code to use GLibUnix.signal_add instead.,WARNING
2025-08-14T23:44:48.834815+05:30,sai-VirtualBox,gnome-shell[2036],DING: (gjs:28421): Gjs-WARNING **: 23:44:48.831: GLib.unix_signal_add has been moved to a separate platform-specific library. Please update your code to use GLibUnix.signal_add instead.,WARNING
2025-08-14T23:48:14.213376+05:30,sai-VirtualBox,kernel,"RETBleed: WARNING: Spectre v2 mitigation leaves CPU vulnerable to RETBleed attacks, data leaks possible!",WARNING
2025-08-14T23:48:14.214624+05:30,sai-VirtualBox,kernel,vmwgfx 0000:00:02.0: [drm] *ERROR* vmwgfx seems to be running on an unsupported hypervisor.,ERROR
2025-08-14T23:48:14.214626+05:30,sai-VirtualBox,kernel,vmwgfx 0000:00:02.0: [drm] *ERROR* This configuration is likely broken.,ERROR
2025-08-14T23:48:14.214634+05:30,sai-VirtualBox,kernel,vmwgfx 0000:00:02.0: [drm] *ERROR* Please switch to a supported graphics device to avoid problems.,ERROR
2025-08-14T23:48:25.576452+05:30,sai-VirtualBox,gnome-session-binary[1297],WARNING: Could not check if unit gnome-session-wayland@gnome-login.target is active: Error calling StartServiceByName for org.freedesktop.systemd1: Process org.freedesktop.systemd1 exited with status 1,WARNING
2025-08-14T23:48:25.576658+05:30,sai-VirtualBox,gnome-session[1297],gnome-session-binary[1297]: WARNING: Could not check if unit gnome-session-wayland@gnome-login.target is active: Error calling StartServiceByName for org.freedesktop.systemd1: Process org.freedesktop.systemd1 exited with status 1,WARNING
2025-08-14T23:48:57.110344+05:30,sai-VirtualBox,gnome-session[1941],gnome-session-binary[1941]: GnomeDesktop-WARNING: Could not create transient scope for PID 2121: GDBus.Error:org.freedesktop.DBus.Error.UnixProcessIdUnknown: Failed to set unit properties: No such process,WARNING
2025-08-14T23:48:57.110381+05:30,sai-VirtualBox,gnome-session-binary[1941],GnomeDesktop-WARNING: Could not create transient scope for PID 2121: GDBus.Error:org.freedesktop.DBus.Error.UnixProcessIdUnknown: Failed to set unit properties: No such process,WARNING
2025-08-14T23:48:57.164602+05:30,sai-VirtualBox,gnome-session[1941],gnome-session-binary[1941]: GnomeDesktop-WARNING: Could not create transient scope for PID 2129: GDBus.Error:org.freedesktop.DBus.Error.UnixProcessIdUnknown: Failed to set unit properties: No such process,WARNING
2025-08-14T23:48:57.165012+05:30,sai-VirtualBox,gnome-session-binary[1941],GnomeDesktop-WARNING: Could not create transient scope for PID 2129: GDBus.Error:org.freedesktop.DBus.Error.UnixProcessIdUnknown: Failed to set unit properties: No such process,WARNING
2025-08-14T23:49:00.349460+05:30,sai-VirtualBox,gnome-shell[1337],JS ERROR: Gio.IOErrorEnum: Xwayland exited unexpectedly#012@resource:///org/gnome/shell/ui/init.js:21:20,ERROR
2025-08-14T23:49:03.417443+05:30,sai-VirtualBox,gnome-shell[1973],DING: (gjs:2543): Gjs-WARNING **: 23:49:03.401: GLib.unix_signal_add has been moved to a separate platform-specific library. Please update your code to use GLibUnix.signal_add instead.,WARNING
2025-08-14T23:49:04.736279+05:30,sai-VirtualBox,gnome-shell[1973],DING: (gjs:2683): Gjs-WARNING **: 23:49:04.734: GLib.unix_signal_add has been moved to a separate platform-specific library. Please update your code to use GLibUnix.signal_add instead.,WARNING
2025-08-14T23:49:19.718642+05:30,sai-VirtualBox,tracker-miner-fs-3[2765],"(tracker-extract-3:2765): GLib-GIO-WARNING **: 23:49:19.716: Error creating IO channel for /proc/self/mountinfo: Invalid argument (g-io-error-quark, 13)",WARNING
2025-08-15T00:33:19.679786+05:30,sai-VirtualBox,tracker-miner-fs-3[9041],"(tracker-extract-3:9041): GLib-GIO-WARNING **: 00:33:19.677: Error creating IO channel for /proc/self/mountinfo: Invalid argument (g-io-error-quark, 13)",WARNING
2025-08-15T00:38:27.578892+05:30,sai-VirtualBox,tracker-miner-fs-3[9100],"(tracker-extract-3:9100): GLib-GIO-WARNING **: 00:38:27.577: Error creating IO channel for /proc/self/mountinfo: Invalid argument (g-io-error-quark, 13)",WARNING
2025-08-15T00:38:49.559700+05:30,sai-VirtualBox,tracker-miner-fs-3[9116],"(tracker-extract-3:9116): GLib-GIO-WARNING **: 00:38:49.557: Error creating IO channel for /proc/self/mountinfo: Invalid argument (g-io-error-quark, 13)",WARNING
2025-08-15T00:39:00.646246+05:30,sai-VirtualBox,tracker-miner-fs-3[9127],"(tracker-extract-3:9127): GLib-GIO-WARNING **: 00:39:00.643: Error creating IO channel for /proc/self/mountinfo: Invalid argument (g-io-error-quark, 13)",WARNING
2025-08-15T00:41:24.655033+05:30,sai-VirtualBox,tracker-miner-fs-3[9199],"(tracker-extract-3:9199): GLib-GIO-WARNING **: 00:41:24.654: Error creating IO channel for /proc/self/mountinfo: Invalid argument (g-io-error-quark, 13)",WARNING
2025-08-15T01:26:13.866304+05:30,sai-VirtualBox,tracker-miner-fs-3[9866],"(tracker-extract-3:9866): GLib-GIO-WARNING **: 01:26:13.865: Error creating IO channel for /proc/self/mountinfo: Invalid argument (g-io-error-quark, 13)",WARNING
2025-08-15T01:28:10.020615+05:30,sai-VirtualBox,tracker-miner-fs-3[9899],"(tracker-extract-3:9899): GLib-GIO-WARNING **: 01:28:10.018: Error creating IO channel for /proc/self/mountinfo: Invalid argument (g-io-error-quark, 13)",WARNING
2025-08-15T01:29:55.551650+05:30,sai-VirtualBox,gnome-shell[1973],libinput error: WARNING: log rate limit exceeded (5 msgs per 3600000ms). Discarding future messages.,WARNING
2025-08-15T01:31:47.350709+05:30,sai-VirtualBox,kernel,"RETBleed: WARNING: Spectre v2 mitigation leaves CPU vulnerable to RETBleed attacks, data leaks possible!",WARNING
2025-08-15T01:31:47.351306+05:30,sai-VirtualBox,kernel,vmwgfx 0000:00:02.0: [drm] *ERROR* vmwgfx seems to be running on an unsupported hypervisor.,ERROR
2025-08-15T01:31:47.351310+05:30,sai-VirtualBox,kernel,vmwgfx 0000:00:02.0: [drm] *ERROR* This configuration is likely broken.,ERROR
2025-08-15T01:31:47.351311+05:30,sai-VirtualBox,kernel,vmwgfx 0000:00:02.0: [drm] *ERROR* Please switch to a supported graphics device to avoid problems.,ERROR
2025-08-15T01:31:51.931243+05:30,sai-VirtualBox,gnome-session[1277],gnome-session-binary[1277]: WARNING: Could not check if unit gnome-session-wayland@gnome-login.target is active: Error calling StartServiceByName for org.freedesktop.systemd1: Process org.freedesktop.systemd1 exited with status 1,WARNING
2025-08-15T01:31:51.933903+05:30,sai-VirtualBox,gnome-session-binary[1277],WARNING: Could not check if unit gnome-session-wayland@gnome-login.target is active: Error calling StartServiceByName for org.freedesktop.systemd1: Process org.freedesktop.systemd1 exited with status 1,WARNING
2025-08-15T01:33:28.547491+05:30,sai-VirtualBox,gnome-session[1948],gnome-session-binary[1948]: GnomeDesktop-WARNING: Could not create transient scope for PID 1966: GDBus.Error:org.freedesktop.DBus.Error.UnixProcessIdUnknown: Failed to set unit properties: No such process,WARNING
2025-08-15T01:33:28.547624+05:30,sai-VirtualBox,gnome-session-binary[1948],GnomeDesktop-WARNING: Could not create transient scope for PID 1966: GDBus.Error:org.freedesktop.DBus.Error.UnixProcessIdUnknown: Failed to set unit properties: No such process,WARNING
2025-08-15T01:33:31.298707+05:30,sai-VirtualBox,gnome-session[1948],gnome-session-binary[1948]: GnomeDesktop-WARNING: Could not create transient scope for PID 2138: GDBus.Error:org.freedesktop.DBus.Error.UnixProcessIdUnknown: Failed to set unit properties: No such process,WARNING
2025-08-15T01:33:31.299015+05:30,sai-VirtualBox,gnome-session-binary[1948],GnomeDesktop-WARNING: Could not create transient scope for PID 2138: GDBus.Error:org.freedesktop.DBus.Error.UnixProcessIdUnknown: Failed to set unit properties: No such process,WARNING
2025-08-15T01:33:31.476801+05:30,sai-VirtualBox,gnome-session[1948],gnome-session-binary[1948]: GnomeDesktop-WARNING: Could not create transient scope for PID 2144: GDBus.Error:org.freedesktop.DBus.Error.UnixProcessIdUnknown: Failed to set unit properties: No such process,WARNING
2025-08-15T01:33:31.477125+05:30,sai-VirtualBox,gnome-session-binary[1948],GnomeDesktop-WARNING: Could not create transient scope for PID 2144: GDBus.Error:org.freedesktop.DBus.Error.UnixProcessIdUnknown: Failed to set unit properties: No such process,WARNING
2025-08-15T01:33:31.514950+05:30,sai-VirtualBox,gnome-session[1948],gnome-session-binary[1948]: GnomeDesktop-WARNING: Could not create transient scope for PID 2147: GDBus.Error:org.freedesktop.DBus.Error.UnixProcessIdUnknown: Failed to set unit properties: No such process,WARNING
2025-08-15T01:33:31.515126+05:30,sai-VirtualBox,gnome-session-binary[1948],GnomeDesktop-WARNING: Could not create transient scope for PID 2147: GDBus.Error:org.freedesktop.DBus.Error.UnixProcessIdUnknown: Failed to set unit properties: No such process,WARNING
2025-08-15T01:33:35.717428+05:30,sai-VirtualBox,gnome-shell[1336],JS ERROR: Gio.IOErrorEnum: Xwayland exited unexpectedly#012@resource:///org/gnome/shell/ui/init.js:21:20,ERROR
2025-08-15T01:33:40.174489+05:30,sai-VirtualBox,gnome-shell[1983],DING: (gjs:2692): Gjs-WARNING **: 01:33:40.094: GLib.unix_signal_add has been moved to a separate platform-specific library. Please update your code to use GLibUnix.signal_add instead.,WARNING
2025-08-15T01:33:54.571257+05:30,sai-VirtualBox,tracker-miner-fs-3[2831],"(tracker-extract-3:2831): GLib-GIO-WARNING **: 01:33:54.569: Error creating IO channel for /proc/self/mountinfo: Invalid argument (g-io-error-quark, 13)",WARNING
2025-08-15T02:07:00.989691+05:30,sai-VirtualBox,tracker-miner-fs-3[4750],"(tracker-extract-3:4750): GLib-GIO-WARNING **: 02:07:00.989: Error creating IO channel for /proc/self/mountinfo: Invalid argument (g-io-error-quark, 13)",WARNING
2025-08-15T12:27:45.002291+05:30,sai-VirtualBox,kernel,"RETBleed: WARNING: Spectre v2 mitigation leaves CPU vulnerable to RETBleed attacks, data leaks possible!",WARNING
2025-08-15T12:27:45.052208+05:30,sai-VirtualBox,kernel,vmwgfx 0000:00:02.0: [drm] *ERROR* vmwgfx seems to be running on an unsupported hypervisor.,ERROR
2025-08-15T12:27:45.052209+05:30,sai-VirtualBox,kernel,vmwgfx 0000:00:02.0: [drm] *ERROR* This configuration is likely broken.,ERROR
2025-08-15T12:27:45.052210+05:30,sai-VirtualBox,kernel,vmwgfx 0000:00:02.0: [drm] *ERROR* Please switch to a supported graphics device to avoid problems.,ERROR
2025-08-15T12:27:56.142156+05:30,sai-VirtualBox,gnome-session-binary[1307],WARNING: Could not check if unit gnome-session-wayland@gnome-login.target is active: Error calling StartServiceByName for org.freedesktop.systemd1: Process org.freedesktop.systemd1 exited with status 1,WARNING
2025-08-15T12:27:56.142277+05:30,sai-VirtualBox,gnome-session[1307],gnome-session-binary[1307]: WARNING: Could not check if unit gnome-session-wayland@gnome-login.target is active: Error calling StartServiceByName for org.freedesktop.systemd1: Process org.freedesktop.systemd1 exited with status 1,WARNING
2025-08-15T12:29:09.744420+05:30,sai-VirtualBox,gnome-session[1961],gnome-session-binary[1961]: GnomeDesktop-WARNING: Could not create transient scope for PID 2131: GDBus.Error:org.freedesktop.DBus.Error.UnixProcessIdUnknown: Failed to set unit properties: No such process,WARNING
2025-08-15T12:29:09.745346+05:30,sai-VirtualBox,gnome-session-binary[1961],GnomeDesktop-WARNING: Could not create transient scope for PID 2131: GDBus.Error:org.freedesktop.DBus.Error.UnixProcessIdUnknown: Failed to set unit properties: No such process,WARNING
2025-08-15T12:29:09.758203+05:30,sai-VirtualBox,gnome-session[1961],gnome-session-binary[1961]: GnomeDesktop-WARNING: Could not create transient scope for PID 2141: GDBus.Error:org.freedesktop.DBus.Error.UnixProcessIdUnknown: Failed to set unit properties: No such process,WARNING
2025-08-15T12:29:09.758371+05:30,sai-VirtualBox,gnome-session-binary[1961],GnomeDesktop-WARNING: Could not create transient scope for PID 2141: GDBus.Error:org.freedesktop.DBus.Error.UnixProcessIdUnknown: Failed to set unit properties: No such process,WARNING
2025-08-15T12:29:13.481240+05:30,sai-VirtualBox,gnome-shell[1337],JS ERROR: Gio.IOErrorEnum: Xwayland exited unexpectedly#012@resource:///org/gnome/shell/ui/init.js:21:20,ERROR
2025-08-15T12:29:17.549050+05:30,sai-VirtualBox,gnome-shell[1994],DING: (gjs:2721): Gjs-WARNING **: 12:29:17.545: GLib.unix_signal_add has been moved to a separate platform-specific library. Please update your code to use GLibUnix.signal_add instead.,WARNING
2025-08-15T12:29:31.414733+05:30,sai-VirtualBox,tracker-miner-fs-3[2777],"(tracker-extract-3:2777): GLib-GIO-WARNING **: 12:29:31.413: Error creating IO channel for /proc/self/mountinfo: Invalid argument (g-io-error-quark, 13)",WARNING
2025-08-15T12:58:19.112661+05:30,sai-VirtualBox,tracker-miner-fs-3[4320],"(tracker-extract-3:4320): GLib-GIO-WARNING **: 12:58:19.111: Error creating IO channel for /proc/self/mountinfo: Invalid argument (g-io-error-quark, 13)",WARNING
2025-08-15T12:58:32.583790+05:30,sai-VirtualBox,tracker-miner-fs-3[4372],"(tracker-extract-3:4372): GLib-GIO-WARNING **: 12:58:32.583: Error creating IO channel for /proc/self/mountinfo: Invalid argument (g-io-error-quark, 13)",WARNING
2025-08-15T13:10:05.500018+05:30,sai-VirtualBox,gnome-shell[1994],DING: (gjs:4573): Gjs-WARNING **: 13:10:05.493: GLib.unix_signal_add has been moved to a separate platform-specific library. Please update your code to use GLibUnix.signal_add instead.,WARNING
2025-08-15T13:15:37.140110+05:30,sai-VirtualBox,tracker-miner-fs-3[6556],"(tracker-extract-3:6556): GLib-GIO-WARNING **: 13:15:37.138: Error creating IO channel for /proc/self/mountinfo: Invalid argument (g-io-error-quark, 13)",WARNING
2025-08-15T13:19:30.878778+05:30,sai-VirtualBox,tracker-miner-fs-3[6634],"(tracker-extract-3:6634): GLib-GIO-WARNING **: 13:19:30.877: Error creating IO channel for /proc/self/mountinfo: Invalid argument (g-io-error-quark, 13)",WARNING
2025-08-15T13:31:07.640578+05:30,sai-VirtualBox,tracker-miner-fs-3[7315],"(tracker-extract-3:7315): GLib-GIO-WARNING **: 13:31:07.639: Error creating IO channel for /proc/self/mountinfo: Invalid argument (g-io-error-quark, 13)",WARNING
2025-08-15T13:32:31.829485+05:30,sai-VirtualBox,tracker-miner-fs-3[7339],"(tracker-extract-3:7339): GLib-GIO-WARNING **: 13:32:31.828: Error creating IO channel for /proc/self/mountinfo: Invalid argument (g-io-error-quark, 13)",WARNING
2025-08-15T13:39:30.427273+05:30,sai-VirtualBox,tracker-miner-fs-3[7541],"(tracker-extract-3:7541): GLib-GIO-WARNING **: 13:39:30.425: Error creating IO channel for /proc/self/mountinfo: Invalid argument (g-io-error-quark, 13)",WARNING
2025-08-15T13:41:14.340104+05:30,sai-VirtualBox,tracker-miner-fs-3[7567],"(tracker-extract-3:7567): GLib-GIO-WARNING **: 13:41:14.338: Error creating IO channel for /proc/self/mountinfo: Invalid argument (g-io-error-quark, 13)",WARNING
2025-08-15T13:49:32.043436+05:30,sai-VirtualBox,gnome-shell[1994],DING: (gjs:7704): Gjs-WARNING **: 13:49:32.041: GLib.unix_signal_add has been moved to a separate platform-specific library. Please update your code to use GLibUnix.signal_add instead.,WARNING
2025-08-15T14:00:01.338279+05:30,sai-VirtualBox,tracker-miner-fs-3[8796],"(tracker-extract-3:8796): GLib-GIO-WARNING **: 14:00:01.336: Error creating IO channel for /proc/self/mountinfo: Invalid argument (g-io-error-quark, 13)",WARNING
2025-08-15T14:03:33.769707+05:30,sai-VirtualBox,tracker-miner-fs-3[8870],"(tracker-extract-3:8870): GLib-GIO-WARNING **: 14:03:33.769: Error creating IO channel for /proc/self/mountinfo: Invalid argument (g-io-error-quark, 13)",WARNING
2025-08-15T14:05:53.369532+05:30,sai-VirtualBox,tracker-miner-fs-3[8902],"(tracker-extract-3:8902): GLib-GIO-WARNING **: 14:05:53.369: Error creating IO channel for /proc/self/mountinfo: Invalid argument (g-io-error-quark, 13)",WARNING
2025-08-15T14:08:41.262014+05:30,sai-VirtualBox,tracker-miner-fs-3[8936],"(tracker-extract-3:8936): GLib-GIO-WARNING **: 14:08:41.259: Error creating IO channel for /proc/self/mountinfo: Invalid argument (g-io-error-quark, 13)",WARNING
2025-08-15T14:15:44.172932+05:30,sai-VirtualBox,tracker-miner-fs-3[9078],"(tracker-extract-3:9078): GLib-GIO-WARNING **: 14:15:44.171: Error creating IO channel for /proc/self/mountinfo: Invalid argument (g-io-error-quark, 13)",WARNING
2025-08-15T14:17:43.773306+05:30,sai-VirtualBox,firefox_firefox.desktop[7797],"[Parent 7797, IPC I/O Parent] WARNING: process 8987 exited on signal 15: file /build/firefox/parts/firefox/build/ipc/chromium/src/chrome/common/process_watcher_posix_sigchld.cc:134",WARNING
2025-08-15T14:19:16.397827+05:30,sai-VirtualBox,tracker-miner-fs-3[9782],"(tracker-extract-3:9782): GLib-GIO-WARNING **: 14:19:16.397: Error creating IO channel for /proc/self/mountinfo: Invalid argument (g-io-error-quark, 13)",WARNING
2025-08-15T14:19:54.748298+05:30,sai-VirtualBox,tracker-miner-fs-3[9819],"(tracker-extract-3:9819): GLib-GIO-WARNING **: 14:19:54.746: Error creating IO channel for /proc/self/mountinfo: Invalid argument (g-io-error-quark, 13)",WARNING
2025-08-15T14:20:21.226149+05:30,sai-VirtualBox,tracker-miner-fs-3[9861],"(tracker-extract-3:9861): GLib-GIO-WARNING **: 14:20:21.224: Error creating IO channel for /proc/self/mountinfo: Invalid argument (g-io-error-quark, 13)",WARNING
2025-08-15T14:27:14.402427+05:30,sai-VirtualBox,tracker-miner-fs-3[10429],"(tracker-extract-3:10429): GLib-GIO-WARNING **: 14:27:14.401: Error creating IO channel for /proc/self/mountinfo: Invalid argument (g-io-error-quark, 13)",WARNING
2025-08-15T14:29:24.524471+05:30,sai-VirtualBox,tracker-miner-fs-3[10455],"(tracker-extract-3:10455): GLib-GIO-WARNING **: 14:29:24.523: Error creating IO channel for /proc/self/mountinfo: Invalid argument (g-io-error-quark, 13)",WARNING
2025-08-15T15:23:52.657344+05:30,sai-VirtualBox,gnome-shell[1994],DING: (gjs:10880): Gjs-WARNING **: 15:23:52.403: GLib.unix_signal_add has been moved to a separate platform-specific library. Please update your code to use GLibUnix.signal_add instead.,WARNING
2025-08-15T15:23:58.014200+05:30,sai-VirtualBox,tracker-miner-fs-3[10918],"(tracker-extract-3:10918): GLib-GIO-WARNING **: 15:23:58.013: Error creating IO channel for /proc/self/mountinfo: Invalid argument (g-io-error-quark, 13)",WARNING
2025-08-15T15:30:13.650851+05:30,sai-VirtualBox,tracker-miner-fs-3[10980],"(tracker-extract-3:10980): GLib-GIO-WARNING **: 15:30:13.650: Error creating IO channel for /proc/self/mountinfo: Invalid argument (g-io-error-quark, 13)",WARNING
2025-08-15T15:33:42.066686+05:30,sai-VirtualBox,tracker-miner-fs-3[11009],"(tracker-extract-3:11009): GLib-GIO-WARNING **: 15:33:42.066: Error creating IO channel for /proc/self/mountinfo: Invalid argument (g-io-error-quark, 13)",WARNING
2025-08-15T15:46:53.232110+05:30,sai-VirtualBox,gnome-shell[1994],DING: (gjs:11163): Gjs-WARNING **: 15:46:52.966: GLib.unix_signal_add has been moved to a separate platform-specific library. Please update your code to use GLibUnix.signal_add instead.,WARNING
2025-08-15T15:56:31.425122+05:30,sai-VirtualBox,gnome-shell[1994],DING: (gjs:11287): Gjs-WARNING **: 15:56:31.147: GLib.unix_signal_add has been moved to a separate platform-specific library. Please update your code to use GLibUnix.signal_add instead.,WARNING
2025-08-15T15:57:47.974586+05:30,sai-VirtualBox,tracker-miner-fs-3[11346],"(tracker-extract-3:11346): GLib-GIO-WARNING **: 15:57:47.974: Error creating IO channel for /proc/self/mountinfo: Invalid argument (g-io-error-quark, 13)",WARNING
2025-08-15T16:00:18.736253+05:30,sai-VirtualBox,tracker-miner-fs-3[11423],"(tracker-extract-3:11423): GLib-GIO-WARNING **: 16:00:18.735: Error creating IO channel for /proc/self/mountinfo: Invalid argument (g-io-error-quark, 13)",WARNING
2025-08-15T17:03:04.246835+05:30,sai-VirtualBox,tracker-miner-fs-3[11905],"(tracker-extract-3:11905): GLib-GIO-WARNING **: 17:03:04.246: Error creating IO channel for /proc/self/mountinfo: Invalid argument (g-io-error-quark, 13)",WARNING
2025-08-15T17:06:57.376566+05:30,sai-VirtualBox,tracker-miner-fs-3[11944],"(tracker-extract-3:11944): GLib-GIO-WARNING **: 17:06:57.376: Error creating IO channel for /proc/self/mountinfo: Invalid argument (g-io-error-quark, 13)",WARNING
2025-08-16T10:48:53.235164+05:30,sai-VirtualBox,kernel,"RETBleed: WARNING: Spectre v2 mitigation leaves CPU vulnerable to RETBleed attacks, data leaks possible!",WARNING
2025-08-16T10:48:53.235807+05:30,sai-VirtualBox,kernel,vmwgfx 0000:00:02.0: [drm] *ERROR* vmwgfx seems to be running on an unsupported hypervisor.,ERROR
2025-08-16T10:48:53.235807+05:30,sai-VirtualBox,kernel,vmwgfx 0000:00:02.0: [drm] *ERROR* This configuration is likely broken.,ERROR
2025-08-16T10:48:53.235811+05:30,sai-VirtualBox,kernel,vmwgfx 0000:00:02.0: [drm] *ERROR* Please switch to a supported graphics device to avoid problems.,ERROR
2025-08-16T10:48:58.671803+05:30,sai-VirtualBox,gnome-session[1355],gnome-session-binary[1355]: WARNING: Could not check if unit gnome-session-wayland@gnome-login.target is active: Error calling StartServiceByName for org.freedesktop.systemd1: Process org.freedesktop.systemd1 exited with status 1,WARNING
2025-08-16T10:48:58.672400+05:30,sai-VirtualBox,gnome-session-binary[1355],WARNING: Could not check if unit gnome-session-wayland@gnome-login.target is active: Error calling StartServiceByName for org.freedesktop.systemd1: Process org.freedesktop.systemd1 exited with status 1,WARNING
2025-08-16T10:50:41.618691+05:30,sai-VirtualBox,gnome-session[2015],gnome-session-binary[2015]: GnomeDesktop-WARNING: Could not create transient scope for PID 2191: GDBus.Error:org.freedesktop.DBus.Error.UnixProcessIdUnknown: Failed to set unit properties: No such process,WARNING
2025-08-16T10:50:41.619072+05:30,sai-VirtualBox,gnome-session-binary[2015],GnomeDesktop-WARNING: Could not create transient scope for PID 2191: GDBus.Error:org.freedesktop.DBus.Error.UnixProcessIdUnknown: Failed to set unit properties: No such process,WARNING
2025-08-16T10:50:41.645712+05:30,sai-VirtualBox,gnome-session[2015],gnome-session-binary[2015]: GnomeDesktop-WARNING: Could not create transient scope for PID 2201: GDBus.Error:org.freedesktop.DBus.Error.UnixProcessIdUnknown: Failed to set unit properties: No such process,WARNING
2025-08-16T10:50:41.645990+05:30,sai-VirtualBox,gnome-session-binary[2015],GnomeDesktop-WARNING: Could not create transient scope for PID 2201: GDBus.Error:org.freedesktop.DBus.Error.UnixProcessIdUnknown: Failed to set unit properties: No such process,WARNING
2025-08-16T10:50:45.751024+05:30,sai-VirtualBox,gnome-shell[1384],JS ERROR: Gio.IOErrorEnum: Xwayland exited unexpectedly#012@resource:///org/gnome/shell/ui/init.js:21:20,ERROR
2025-08-16T10:50:47.949944+05:30,sai-VirtualBox,gnome-shell[2048],DING: (gjs:2654): Gjs-WARNING **: 10:50:47.945: GLib.unix_signal_add has been moved to a separate platform-specific library. Please update your code to use GLibUnix.signal_add instead.,WARNING
2025-08-16T10:51:02.272170+05:30,sai-VirtualBox,tracker-miner-fs-3[2844],"(tracker-extract-3:2844): GLib-GIO-WARNING **: 10:51:02.271: Error creating IO channel for /proc/self/mountinfo: Invalid argument (g-io-error-quark, 13)",WARNING
2025-08-16T10:53:49.392510+05:30,sai-VirtualBox,tracker-miner-fs-3[3947],"(tracker-extract-3:3947): GLib-GIO-WARNING **: 10:53:49.392: Error creating IO channel for /proc/self/mountinfo: Invalid argument (g-io-error-quark, 13)",WARNING
2025-08-16T11:00:48.525967+05:30,sai-VirtualBox,update-notifier.desktop[4551],WARNING:root:can not import unity GI Namespace Dbusmenu not available,WARNING
2025-08-16T11:05:45.884596+05:30,sai-VirtualBox,tracker-miner-fs-3[4791],"(tracker-extract-3:4791): GLib-GIO-WARNING **: 11:05:45.884: Error creating IO channel for /proc/self/mountinfo: Invalid argument (g-io-error-quark, 13)",WARNING
2025-08-16T11:06:20.488243+05:30,sai-VirtualBox,tracker-miner-fs-3[4815],"(tracker-extract-3:4815): GLib-GIO-WARNING **: 11:06:20.487: Error creating IO channel for /proc/self/mountinfo: Invalid argument (g-io-error-quark, 13)",WARNING
2025-08-16T11:07:37.060715+05:30,sai-VirtualBox,tracker-miner-fs-3[4837],"(tracker-extract-3:4837): GLib-GIO-WARNING **: 11:07:37.060: Error creating IO channel for /proc/self/mountinfo: Invalid argument (g-io-error-quark, 13)",WARNING
2025-08-16T11:14:42.165978+05:30,sai-VirtualBox,tracker-miner-fs-3[6488],"(tracker-extract-3:6488): GLib-GIO-WARNING **: 11:14:42.163: Error creating IO channel for /proc/self/mountinfo: Invalid argument (g-io-error-quark, 13)",WARNING
2025-08-16T11:16:59.057211+05:30,sai-VirtualBox,tracker-miner-fs-3[7291],"(tracker-extract-3:7291): GLib-GIO-WARNING **: 11:16:59.055: Error creating IO channel for /proc/self/mountinfo: Invalid argument (g-io-error-quark, 13)",WARNING
2025-08-16T11:24:26.337617+05:30,sai-VirtualBox,tracker-miner-fs-3[8376],"(tracker-extract-3:8376): GLib-GIO-WARNING **: 11:24:26.337: Error creating IO channel for /proc/self/mountinfo: Invalid argument (g-io-error-quark, 13)",WARNING
2025-08-16T11:24:54.738947+05:30,sai-VirtualBox,tracker-miner-fs-3[8465],"(tracker-extract-3:8465): GLib-GIO-WARNING **: 11:24:54.737: Error creating IO channel for /proc/self/mountinfo: Invalid argument (g-io-error-quark, 13)",WARNING
2025-08-16T11:35:56.551437+05:30,sai-VirtualBox,tracker-miner-fs-3[9617],"(tracker-extract-3:9617): GLib-GIO-WARNING **: 11:35:56.550: Error creating IO channel for /proc/self/mountinfo: Invalid argument (g-io-error-quark, 13)",WARNING
2025-08-16T11:37:33.930625+05:30,sai-VirtualBox,tracker-miner-fs-3[9680],"(tracker-extract-3:9680): GLib-GIO-WARNING **: 11:37:33.927: Error creating IO channel for /proc/self/mountinfo: Invalid argument (g-io-error-quark, 13)",WARNING
2025-08-16T11:58:42.473558+05:30,sai-VirtualBox,gnome-shell[2048],libinput error: WARNING: log rate limit exceeded (5 msgs per 3600000ms). Discarding future messages.,WARNING
2025-08-16T12:00:48.357718+05:30,sai-VirtualBox,gnome-shell[2048],libinput error: event6  - VirtualBox mouse integration: WARNING: log rate limit exceeded (5 msgs per 60min). Discarding future messages.,WARNING
2025-08-16T12:05:13.141037+05:30,sai-VirtualBox,kernel,"RETBleed: WARNING: Spectre v2 mitigation leaves CPU vulnerable to RETBleed attacks, data leaks possible!",WARNING
2025-08-16T12:05:13.151169+05:30,sai-VirtualBox,kernel,vmwgfx 0000:00:02.0: [drm] *ERROR* vmwgfx seems to be running on an unsupported hypervisor.,ERROR
2025-08-16T12:05:13.151169+05:30,sai-VirtualBox,kernel,vmwgfx 0000:00:02.0: [drm] *ERROR* This configuration is likely broken.,ERROR
2025-08-16T12:05:13.151170+05:30,sai-VirtualBox,kernel,vmwgfx 0000:00:02.0: [drm] *ERROR* Please switch to a supported graphics device to avoid problems.,ERROR
2025-08-16T12:05:18.111547+05:30,sai-VirtualBox,gnome-session[1306],gnome-session-binary[1306]: WARNING: Could not check if unit gnome-session-wayland@gnome-login.target is active: Error calling StartServiceByName for org.freedesktop.systemd1: Process org.freedesktop.systemd1 exited with status 1,WARNING
2025-08-16T12:05:18.112146+05:30,sai-VirtualBox,gnome-session-binary[1306],WARNING: Could not check if unit gnome-session-wayland@gnome-login.target is active: Error calling StartServiceByName for org.freedesktop.systemd1: Process org.freedesktop.systemd1 exited with status 1,WARNING
2025-08-16T12:05:33.817166+05:30,sai-VirtualBox,gnome-session[1944],gnome-session-binary[1944]: GnomeDesktop-WARNING: Could not create transient scope for PID 2136: GDBus.Error:org.freedesktop.DBus.Error.UnixProcessIdUnknown: Failed to set unit properties: No such process,WARNING
2025-08-16T12:05:33.817359+05:30,sai-VirtualBox,gnome-session-binary[1944],GnomeDesktop-WARNING: Could not create transient scope for PID 2136: GDBus.Error:org.freedesktop.DBus.Error.UnixProcessIdUnknown: Failed to set unit properties: No such process,WARNING
2025-08-16T12:05:37.374019+05:30,sai-VirtualBox,gnome-shell[1345],JS ERROR: Gio.IOErrorEnum: Xwayland exited unexpectedly#012@resource:///org/gnome/shell/ui/init.js:21:20,ERROR
2025-08-16T12:05:42.331226+05:30,sai-VirtualBox,gnome-shell[1972],DING: (gjs:2530): Gjs-WARNING **: 12:05:42.329: GLib.unix_signal_add has been moved to a separate platform-specific library. Please update your code to use GLibUnix.signal_add instead.,WARNING
2025-08-16T12:05:43.496981+05:30,sai-VirtualBox,gnome-shell[1972],DING: (gjs:2640): Gjs-WARNING **: 12:05:43.487: GLib.unix_signal_add has been moved to a separate platform-specific library. Please update your code to use GLibUnix.signal_add instead.,WARNING
2025-08-16T12:05:57.045258+05:30,sai-VirtualBox,tracker-miner-fs-3[2901],"(tracker-extract-3:2901): GLib-GIO-WARNING **: 12:05:57.044: Error creating IO channel for /proc/self/mountinfo: Invalid argument (g-io-error-quark, 13)",WARNING
2025-08-16T12:06:36.119287+05:30,sai-VirtualBox,tracker-miner-fs-3[3572],"(tracker-extract-3:3572): GLib-GIO-WARNING **: 12:06:36.118: Error creating IO channel for /proc/self/mountinfo: Invalid argument (g-io-error-quark, 13)",WARNING
2025-08-16T12:08:59.312458+05:30,sai-VirtualBox,tracker-miner-fs-3[4727],"(tracker-extract-3:4727): GLib-GIO-WARNING **: 12:08:59.311: Error creating IO channel for /proc/self/mountinfo: Invalid argument (g-io-error-quark, 13)",WARNING
2025-08-16T12:19:18.270386+05:30,sai-VirtualBox,gnome-shell[1972],DING: (gjs:4958): Gjs-WARNING **: 12:19:17.970: GLib.unix_signal_add has been moved to a separate platform-specific library. Please update your code to use GLibUnix.signal_add instead.,WARNING
2025-08-16T12:20:14.136898+05:30,sai-VirtualBox,tracker-miner-fs-3[5052],"(tracker-extract-3:5052): GLib-GIO-WARNING **: 12:20:14.136: Error creating IO channel for /proc/self/mountinfo: Invalid argument (g-io-error-quark, 13)",WARNING
2025-08-16T12:23:52.803931+05:30,sai-VirtualBox,tracker-miner-fs-3[5122],"(tracker-extract-3:5122): GLib-GIO-WARNING **: 12:23:52.803: Error creating IO channel for /proc/self/mountinfo: Invalid argument (g-io-error-quark, 13)",WARNING
2025-08-16T12:28:09.314068+05:30,sai-VirtualBox,tracker-miner-fs-3[5217],"(tracker-extract-3:5217): GLib-GIO-WARNING **: 12:28:09.313: Error creating IO channel for /proc/self/mountinfo: Invalid argument (g-io-error-quark, 13)",WARNING
2025-08-16T12:37:47.554047+05:30,sai-VirtualBox,tracker-miner-fs-3[5388],"(tracker-extract-3:5388): GLib-GIO-WARNING **: 12:37:47.553: Error creating IO channel for /proc/self/mountinfo: Invalid argument (g-io-error-quark, 13)",WARNING
2025-08-16T12:44:41.752616+05:30,sai-VirtualBox,tracker-miner-fs-3[7349],"(tracker-extract-3:7349): GLib-GIO-WARNING **: 12:44:41.750: Error creating IO channel for /proc/self/mountinfo: Invalid argument (g-io-error-quark, 13)",WARNING
2025-08-16T12:53:20.374520+05:30,sai-VirtualBox,tracker-miner-fs-3[9161],"(tracker-extract-3:9161): GLib-GIO-WARNING **: 12:53:20.372: Error creating IO channel for /proc/self/mountinfo: Invalid argument (g-io-error-quark, 13)",WARNING
2025-08-16T13:03:49.626988+05:30,sai-VirtualBox,tracker-miner-fs-3[9573],"(tracker-extract-3:9573): GLib-GIO-WARNING **: 13:03:49.626: Error creating IO channel for /proc/self/mountinfo: Invalid argument (g-io-error-quark, 13)",WARNING
2025-08-16T13:17:16.798571+05:30,sai-VirtualBox,tracker-miner-fs-3[10517],"(tracker-extract-3:10517): GLib-GIO-WARNING **: 13:17:16.798: Error creating IO channel for /proc/self/mountinfo: Invalid argument (g-io-error-quark, 13)",WARNING
2025-08-16T13:55:36.832235+05:30,sai-VirtualBox,tracker-miner-fs-3[12402],"(tracker-extract-3:12402): GLib-GIO-WARNING **: 13:55:36.831: Error creating IO channel for /proc/self/mountinfo: Invalid argument (g-io-error-quark, 13)",WARNING
2025-08-16T13:55:59.920972+05:30,sai-VirtualBox,tracker-miner-fs-3[12420],"(tracker-extract-3:12420): GLib-GIO-WARNING **: 13:55:59.920: Error creating IO channel for /proc/self/mountinfo: Invalid argument (g-io-error-quark, 13)",WARNING
2025-08-16T13:56:29.481420+05:30,sai-VirtualBox,tracker-miner-fs-3[12444],"(tracker-extract-3:12444): GLib-GIO-WARNING **: 13:56:29.480: Error creating IO channel for /proc/self/mountinfo: Invalid argument (g-io-error-quark, 13)",WARNING
2025-08-16T13:56:29.528872+05:30,sai-VirtualBox,tracker-miner-fs-3[12444],"(tracker-extract-3:12444): Tracker-WARNING **: 13:56:29.528: Could not get mimetype, Error when getting information for file /home/sai/Videos: No such file or directory",WARNING
2025-08-16T13:56:29.561179+05:30,sai-VirtualBox,tracker-miner-fs-3[12444],(tracker-extract-3:12444): Tracker-WARNING **: 13:56:29.560: Task for 'file:///home/sai/Videos' finished with error: Error when getting information for file /home/sai/Videos: No such file or directory,WARNING
2025-08-16T13:56:29.561244+05:30,sai-VirtualBox,tracker-miner-fs-3[12444],"(tracker-extract-3:12444): Tracker-WARNING **: 13:56:29.561: Could not get mimetype, Error when getting information for file /home/sai/Videos: No such file or directory",WARNING
2025-08-16T13:56:29.563449+05:30,sai-VirtualBox,tracker-miner-fs-3[12444],(tracker-extract-3:12444): Tracker-WARNING **: 13:56:29.563: Task for 'file:///home/sai/Videos' finished with error: Error when getting information for file /home/sai/Videos: No such file or directory,WARNING
2025-08-16T13:56:29.563561+05:30,sai-VirtualBox,tracker-miner-fs-3[12444],"(tracker-extract-3:12444): Tracker-WARNING **: 13:56:29.563: Could not get mimetype, Error when getting information for file /home/sai/Videos: No such file or directory",WARNING
2025-08-16T13:56:29.565144+05:30,sai-VirtualBox,tracker-miner-fs-3[12444],(tracker-extract-3:12444): Tracker-WARNING **: 13:56:29.565: Task for 'file:///home/sai/Videos' finished with error: Error when getting information for file /home/sai/Videos: No such file or directory,WARNING
2025-08-16T13:57:00.103085+05:30,sai-VirtualBox,tracker-miner-fs-3[12471],"(tracker-extract-3:12471): GLib-GIO-WARNING **: 13:57:00.102: Error creating IO channel for /proc/self/mountinfo: Invalid argument (g-io-error-quark, 13)",WARNING
2025-08-16T14:48:09.744294+05:30,sai-VirtualBox,gnome-shell[1972],DING: (gjs:15182): Gjs-WARNING **: 14:48:09.477: GLib.unix_signal_add has been moved to a separate platform-specific library. Please update your code to use GLibUnix.signal_add instead.,WARNING
2025-08-16T15:26:38.263575+05:30,sai-VirtualBox,gnome-shell[1972],DING: (gjs:16155): Gjs-WARNING **: 15:26:37.919: GLib.unix_signal_add has been moved to a separate platform-specific library. Please update your code to use GLibUnix.signal_add instead.,WARNING
2025-08-16T15:29:14.110561+05:30,sai-VirtualBox,tracker-miner-fs-3[16342],"(tracker-extract-3:16342): GLib-GIO-WARNING **: 15:29:14.108: Error creating IO channel for /proc/self/mountinfo: Invalid argument (g-io-error-quark, 13)",WARNING
2025-08-16T15:32:06.027838+05:30,sai-VirtualBox,tracker-miner-fs-3[16522],"(tracker-extract-3:16522): GLib-GIO-WARNING **: 15:32:06.027: Error creating IO channel for /proc/self/mountinfo: Invalid argument (g-io-error-quark, 13)",WARNING
2025-08-16T15:34:48.365883+05:30,sai-VirtualBox,tracker-miner-fs-3[16663],"(tracker-extract-3:16663): GLib-GIO-WARNING **: 15:34:48.365: Error creating IO channel for /proc/self/mountinfo: Invalid argument (g-io-error-quark, 13)",WARNING
2025-08-16T15:42:56.282447+05:30,sai-VirtualBox,tracker-miner-fs-3[16994],"(tracker-extract-3:16994): GLib-GIO-WARNING **: 15:42:56.281: Error creating IO channel for /proc/self/mountinfo: Invalid argument (g-io-error-quark, 13)",WARNING
2025-08-16T15:49:34.696881+05:30,sai-VirtualBox,tracker-miner-fs-3[18846],"(tracker-extract-3:18846): GLib-GIO-WARNING **: 15:49:34.696: Error creating IO channel for /proc/self/mountinfo: Invalid argument (g-io-error-quark, 13)",WARNING
2025-08-16T15:54:29.112617+05:30,sai-VirtualBox,tracker-miner-fs-3[19237],"(tracker-extract-3:19237): GLib-GIO-WARNING **: 15:54:29.110: Error creating IO channel for /proc/self/mountinfo: Invalid argument (g-io-error-quark, 13)",WARNING
2025-08-16T15:58:34.321918+05:30,sai-VirtualBox,tracker-miner-fs-3[19455],"(tracker-extract-3:19455): GLib-GIO-WARNING **: 15:58:34.321: Error creating IO channel for /proc/self/mountinfo: Invalid argument (g-io-error-quark, 13)",WARNING
2025-08-16T15:59:57.452657+05:30,sai-VirtualBox,tracker-miner-fs-3[19587],"(tracker-extract-3:19587): GLib-GIO-WARNING **: 15:59:57.452: Error creating IO channel for /proc/self/mountinfo: Invalid argument (g-io-error-quark, 13)",WARNING
2025-08-16T16:13:37.816551+05:30,sai-VirtualBox,gnome-shell[1972],libinput error: WARNING: log rate limit exceeded (5 msgs per 3600000ms). Discarding future messages.,WARNING
2025-08-16T16:15:02.630425+05:30,sai-VirtualBox,kernel,"RETBleed: WARNING: Spectre v2 mitigation leaves CPU vulnerable to RETBleed attacks, data leaks possible!",WARNING
2025-08-16T16:15:02.630985+05:30,sai-VirtualBox,kernel,vmwgfx 0000:00:02.0: [drm] *ERROR* vmwgfx seems to be running on an unsupported hypervisor.,ERROR
2025-08-16T16:15:02.630986+05:30,sai-VirtualBox,kernel,vmwgfx 0000:00:02.0: [drm] *ERROR* This configuration is likely broken.,ERROR
2025-08-16T16:15:02.630986+05:30,sai-VirtualBox,kernel,vmwgfx 0000:00:02.0: [drm] *ERROR* Please switch to a supported graphics device to avoid problems.,ERROR
2025-08-16T16:15:07.391644+05:30,sai-VirtualBox,gnome-session[1293],gnome-session-binary[1293]: WARNING: Could not check if unit gnome-session-wayland@gnome-login.target is active: Error calling StartServiceByName for org.freedesktop.systemd1: Process org.freedesktop.systemd1 exited with status 1,WARNING
2025-08-16T16:15:07.392226+05:30,sai-VirtualBox,gnome-session-binary[1293],WARNING: Could not check if unit gnome-session-wayland@gnome-login.target is active: Error calling StartServiceByName for org.freedesktop.systemd1: Process org.freedesktop.systemd1 exited with status 1,WARNING
2025-08-16T16:15:26.448804+05:30,sai-VirtualBox,gnome-session[1931],gnome-session-binary[1931]: GnomeDesktop-WARNING: Could not create transient scope for PID 2187: GDBus.Error:org.freedesktop.DBus.Error.UnixProcessIdUnknown: Failed to set unit properties: No such process,WARNING
2025-08-16T16:15:26.449474+05:30,sai-VirtualBox,gnome-session-binary[1931],GnomeDesktop-WARNING: Could not create transient scope for PID 2187: GDBus.Error:org.freedesktop.DBus.Error.UnixProcessIdUnknown: Failed to set unit properties: No such process,WARNING
2025-08-16T16:15:34.542659+05:30,sai-VirtualBox,gnome-shell[1964],DING: (gjs:2617): Gjs-WARNING **: 16:15:34.535: GLib.unix_signal_add has been moved to a separate platform-specific library. Please update your code to use GLibUnix.signal_add instead.,WARNING
2025-08-16T16:15:35.806035+05:30,sai-VirtualBox,gnome-shell[1964],DING: (gjs:2756): Gjs-WARNING **: 16:15:35.801: GLib.unix_signal_add has been moved to a separate platform-specific library. Please update your code to use GLibUnix.signal_add instead.,WARNING
2025-08-16T16:15:50.242270+05:30,sai-VirtualBox,tracker-miner-fs-3[3197],"(tracker-extract-3:3197): GLib-GIO-WARNING **: 16:15:50.240: Error creating IO channel for /proc/self/mountinfo: Invalid argument (g-io-error-quark, 13)",WARNING
2025-08-16T16:25:00.584493+05:30,sai-VirtualBox,tracker-miner-fs-3[5321],"(tracker-extract-3:5321): GLib-GIO-WARNING **: 16:25:00.583: Error creating IO channel for /proc/self/mountinfo: Invalid argument (g-io-error-quark, 13)",WARNING
2025-08-16T16:25:23.237740+05:30,sai-VirtualBox,tracker-miner-fs-3[5339],"(tracker-extract-3:5339): GLib-GIO-WARNING **: 16:25:23.237: Error creating IO channel for /proc/self/mountinfo: Invalid argument (g-io-error-quark, 13)",WARNING
2025-08-16T16:33:54.065912+05:30,sai-VirtualBox,tracker-miner-fs-3[5507],"(tracker-extract-3:5507): GLib-GIO-WARNING **: 16:33:54.065: Error creating IO channel for /proc/self/mountinfo: Invalid argument (g-io-error-quark, 13)",WARNING
2025-08-16T16:34:04.985263+05:30,sai-VirtualBox,tracker-miner-fs-3[5518],"(tracker-extract-3:5518): GLib-GIO-WARNING **: 16:34:04.984: Error creating IO channel for /proc/self/mountinfo: Invalid argument (g-io-error-quark, 13)",WARNING
